DentistName,LicenseNumber,Specialization,Cabinet,PatientName,InsuranceNumber,PatientPhone,AppointmentDate,Status
Ivan Ivanov,LIC-1001,Surgeon,101,Patient_0,INS-96322,+380507777787,2026-05-12 14:12,Cancelled
Oleg Shevchenko,LIC-1003,Orthodontist,103,Patient_1,INS-23817,+380502623898,2026-05-22 14:12,Completed
Anna Petrenko,LIC-1002,Therapist,102,Patient_2,INS-53120,+380505830431,2026-04-30 14:12,Scheduled
Anna Petrenko,LIC-1002,Therapist,102,Patient_3,INS-89126,+380507272066,2026-05-04 14:12,Scheduled
Anna Petrenko,LIC-1002,Therapist,102,Patient_4,INS-13138,+380504026525,2026-04-06 14:12,Completed
Ivan Ivanov,LIC-1001,Surgeon,101,Patient_5,INS-94348,+380503250582,2026-05-22 14:12,Cancelled
Ivan Ivanov,LIC-1001,Surgeon,101,Patient_6,INS-87930,+380508237076,2026-04-18 14:12,Completed
Anna Petrenko,LIC-1002,Therapist,102,Patient_7,INS-70014,+380509634537,2026-04-20 14:12,Cancelled
Anna Petrenko,LIC-1002,Therapist,102,Patient_8,INS-81956,+380503612613,2026-03-28 14:12,Cancelled
Oleg Shevchenko,LIC-1003,Orthodontist,103,Patient_9,INS-37599,+380508557093,2026-04-09 14:12,Cancelled
Ivan Ivanov,LIC-1001,Surgeon,101,Patient_10,INS-50401,+380509892654,2026-05-14 14:12,Cancelled
Oleg Shevchenko,LIC-1003,Orthodontist,103,Patient_11,INS-41037,+380503843802,2026-05-05 14:12,Scheduled
Anna Petrenko,LIC-1002,Therapist,102,Patient_12,INS-75632,+380505060415,2026-05-20 14:12,Scheduled
Anna Petrenko,LIC-1002,Therapist,102,Patient_13,INS-37476,+380504553441,2026-05-25 14:12,Cancelled
Ivan Ivanov,LIC-1001,Surgeon,101,Patient_14,INS-47180,+380507568015,2026-05-23 14:12,Completed
Anna Petrenko,LIC-1002,Therapist,102,Patient_15,INS-84090,+380503823928,2026-05-02 14:12,Scheduled
Ivan Ivanov,LIC-1001,Surgeon,101,Patient_16,INS-41247,+380503103904,2026-05-25 14:12,Completed
Oleg Shevchenko,LIC-1003,Orthodontist,103,Patient_17,INS-87964,+380507463691,2026-05-24 14:12,Cancelled
Anna Petrenko,LIC-1002,Therapist,102,Patient_18,INS-31213,+380506995727,2026-04-12 14:12,Completed
Ivan Ivanov,LIC-1001,Surgeon,101,Patient_19,INS-84549,+380506320249,2026-03-30 14:12,Scheduled
Anna Petrenko,LIC-1002,Therapist,102,Patient_20,INS-37529,+380507311471,2026-04-11 14:12,Completed
Oleg Shevchenko,LIC-1003,Orthodontist,103,Patient_21,INS-96780,+380505292395,2026-04-14 14:12,Completed
Oleg Shevchenko,LIC-1003,Orthodontist,103,Patient_22,INS-22387,+380508133645,2026-03-30 14:12,Cancelled
Anna Petrenko,LIC-1002,Therapist,102,Patient_23,INS-57413,+380501211139,2026-05-15 14:12,Scheduled
Oleg Shevchenko,LIC-1003,Orthodontist,103,Patient_24,INS-59808,+380507535851,2026-04-21 14:12,Scheduled
Anna Petrenko,LIC-1002,Therapist,102,Patient_25,INS-42512,+380505207512,2026-05-21 14:12,Completed
Anna Petrenko,LIC-1002,Therapist,102,Patient_26,INS-67842,+380507330607,2026-04-27 14:12,Completed
Anna Petrenko,LIC-1002,Therapist,102,Patient_27,INS-12121,+380509441043,2026-04-03 14:12,Cancelled
Ivan Ivanov,LIC-1001,Surgeon,101,Patient_28,INS-30719,+380501833813,2026-05-02 14:12,Completed
Anna Petrenko,LIC-1002,Therapist,102,Patient_29,INS-21802,+380507900892,2026-04-01 14:12,Cancelled
Oleg Shevchenko,LIC-1003,Orthodontist,103,Patient_30,INS-87409,+380507659757,2026-05-07 14:12,Cancelled
Anna Petrenko,LIC-1002,Therapist,102,Patient_31,INS-52301,+380508414369,2026-05-08 14:12,Cancelled
Oleg Shevchenko,LIC-1003,Orthodontist,103,Patient_32,INS-92877,+380504127015,2026-04-05 14:12,Scheduled
Anna Petrenko,LIC-1002,Therapist,102,Patient_33,INS-77416,+380507281088,2026-05-21 14:12,Cancelled
Anna Petrenko,LIC-1002,Therapist,102,Patient_34,INS-87664,+380504598881,2026-03-30 14:12,Cancelled
Oleg Shevchenko,LIC-1003,Orthodontist,103,Patient_35,INS-12217,+380508914303,2026-04-05 14:12,Completed
Ivan Ivanov,LIC-1001,Surgeon,101,Patient_36,INS-59679,+380504353090,2026-05-16 14:12,Scheduled
Oleg Shevchenko,LIC-1003,Orthodontist,103,Patient_37,INS-44481,+380504571855,2026-05-10 14:12,Completed
Oleg Shevchenko,LIC-1003,Orthodontist,103,Patient_38,INS-50298,+380501290345,2026-03-29 14:12,Cancelled
Ivan Ivanov,LIC-1001,Surgeon,101,Patient_39,INS-69914,+380509760112,2026-05-14 14:12,Cancelled
Ivan Ivanov,LIC-1001,Surgeon,101,Patient_40,INS-83566,+380507694304,2026-05-14 14:12,Cancelled
Oleg Shevchenko,LIC-1003,Orthodontist,103,Patient_41,INS-25144,+380508777157,2026-04-15 14:12,Completed
Anna Petrenko,LIC-1002,Therapist,102,Patient_42,INS-72737,+380504088288,2026-05-24 14:12,Completed
Oleg Shevchenko,LIC-1003,Orthodontist,103,Patient_43,INS-19265,+380503434763,2026-05-07 14:12,Completed
Oleg Shevchenko,LIC-1003,Orthodontist,103,Patient_44,INS-97588,+380501904009,2026-04-02 14:12,Cancelled
Oleg Shevchenko,LIC-1003,Orthodontist,103,Patient_45,INS-34692,+380508923249,2026-05-13 14:12,Scheduled
Anna Petrenko,LIC-1002,Therapist,102,Patient_46,INS-49070,+380502922989,2026-04-19 14:12,Cancelled
Ivan Ivanov,LIC-1001,Surgeon,101,Patient_47,INS-22630,+380506422159,2026-04-01 14:12,Cancelled
Ivan Ivanov,LIC-1001,Surgeon,101,Patient_48,INS-27791,+380508654660,2026-04-19 14:12,Cancelled
Ivan Ivanov,LIC-1001,Surgeon,101,Patient_49,INS-22221,+380503611753,2026-04-03 14:12,Completed
Ivan Ivanov,LIC-1001,Surgeon,101,Patient_50,INS-70269,+380503325241,2026-04-20 14:12,Cancelled
Ivan Ivanov,LIC-1001,Surgeon,101,Patient_51,INS-95688,+380504803174,2026-04-17 14:12,Scheduled
Ivan Ivanov,LIC-1001,Surgeon,101,Patient_52,INS-28251,+380502118967,2026-04-05 14:12,Completed
Oleg Shevchenko,LIC-1003,Orthodontist,103,Patient_53,INS-84993,+380507883028,2026-04-01 14:12,Scheduled
Oleg Shevchenko,LIC-1003,Orthodontist,103,Patient_54,INS-11783,+380502952376,2026-05-26 14:12,Scheduled
Ivan Ivanov,LIC-1001,Surgeon,101,Patient_55,INS-34486,+380503187285,2026-04-24 14:12,Cancelled
Anna Petrenko,LIC-1002,Therapist,102,Patient_56,INS-74195,+380508120266,2026-04-05 14:12,Scheduled
Anna Petrenko,LIC-1002,Therapist,102,Patient_57,INS-67492,+380505311319,2026-04-21 14:12,Scheduled
Oleg Shevchenko,LIC-1003,Orthodontist,103,Patient_58,INS-59606,+380501628505,2026-04-14 14:12,Completed
Oleg Shevchenko,LIC-1003,Orthodontist,103,Patient_59,INS-32168,+380505606123,2026-05-23 14:12,Cancelled
Anna Petrenko,LIC-1002,Therapist,102,Patient_60,INS-68613,+380503653904,2026-04-12 14:12,Cancelled
Oleg Shevchenko,LIC-1003,Orthodontist,103,Patient_61,INS-33026,+380501574121,2026-03-30 14:12,Scheduled
Ivan Ivanov,LIC-1001,Surgeon,101,Patient_62,INS-70639,+380501198207,2026-04-30 14:12,Cancelled
Oleg Shevchenko,LIC-1003,Orthodontist,103,Patient_63,INS-57782,+380504594249,2026-04-08 14:12,Completed
Ivan Ivanov,LIC-1001,Surgeon,101,Patient_64,INS-44401,+380506067852,2026-05-21 14:12,Completed
Ivan Ivanov,LIC-1001,Surgeon,101,Patient_65,INS-26970,+380508337003,2026-05-09 14:12,Completed
Oleg Shevchenko,LIC-1003,Orthodontist,103,Patient_66,INS-15247,+380507811846,2026-05-05 14:12,Scheduled
Anna Petrenko,LIC-1002,Therapist,102,Patient_67,INS-13316,+380501059770,2026-04-14 14:12,Cancelled
Anna Petrenko,LIC-1002,Therapist,102,Patient_68,INS-56338,+380505405470,2026-05-03 14:12,Completed
Anna Petrenko,LIC-1002,Therapist,102,Patient_69,INS-30321,+380508702625,2026-05-15 14:12,Completed
Oleg Shevchenko,LIC-1003,Orthodontist,103,Patient_70,INS-80854,+380501941706,2026-04-11 14:12,Completed
Ivan Ivanov,LIC-1001,Surgeon,101,Patient_71,INS-85606,+380507634821,2026-04-05 14:12,Cancelled
Oleg Shevchenko,LIC-1003,Orthodontist,103,Patient_72,INS-91245,+380501640636,2026-05-10 14:12,Scheduled
Oleg Shevchenko,LIC-1003,Orthodontist,103,Patient_73,INS-25917,+380506147578,2026-03-31 14:12,Cancelled
Ivan Ivanov,LIC-1001,Surgeon,101,Patient_74,INS-23892,+380505222660,2026-05-25 14:12,Cancelled
Anna Petrenko,LIC-1002,Therapist,102,Patient_75,INS-93604,+380503848222,2026-05-17 14:12,Cancelled
Anna Petrenko,LIC-1002,Therapist,102,Patient_76,INS-35946,+380502514625,2026-05-14 14:12,Completed
Oleg Shevchenko,LIC-1003,Orthodontist,103,Patient_77,INS-75774,+380502619623,2026-03-30 14:12,Completed
Oleg Shevchenko,LIC-1003,Orthodontist,103,Patient_78,INS-53340,+380504447296,2026-03-31 14:12,Cancelled
Anna Petrenko,LIC-1002,Therapist,102,Patient_79,INS-23826,+380505067752,2026-05-11 14:12,Cancelled
Ivan Ivanov,LIC-1001,Surgeon,101,Patient_80,INS-35763,+380508400111,2026-05-20 14:12,Scheduled
Anna Petrenko,LIC-1002,Therapist,102,Patient_81,INS-69908,+380509871071,2026-04-09 14:12,Completed
Anna Petrenko,LIC-1002,Therapist,102,Patient_82,INS-98420,+380506494046,2026-05-23 14:12,Completed
Oleg Shevchenko,LIC-1003,Orthodontist,103,Patient_83,INS-26284,+380503021699,2026-05-12 14:12,Scheduled
Ivan Ivanov,LIC-1001,Surgeon,101,Patient_84,INS-48823,+380507659841,2026-04-27 14:12,Cancelled
Ivan Ivanov,LIC-1001,Surgeon,101,Patient_85,INS-82686,+380502899275,2026-05-04 14:12,Cancelled
Ivan Ivanov,LIC-1001,Surgeon,101,Patient_86,INS-77805,+380506332331,2026-05-23 14:12,Cancelled
Oleg Shevchenko,LIC-1003,Orthodontist,103,Patient_87,INS-84510,+380501344020,2026-04-27 14:12,Completed
Ivan Ivanov,LIC-1001,Surgeon,101,Patient_88,INS-87739,+380502784380,2026-03-30 14:12,Cancelled
Ivan Ivanov,LIC-1001,Surgeon,101,Patient_89,INS-18672,+380501873002,2026-04-05 14:12,Scheduled
Ivan Ivanov,LIC-1001,Surgeon,101,Patient_90,INS-14659,+380503373401,2026-05-19 14:12,Completed
Oleg Shevchenko,LIC-1003,Orthodontist,103,Patient_91,INS-84427,+380501692496,2026-05-18 14:12,Completed
Anna Petrenko,LIC-1002,Therapist,102,Patient_92,INS-46901,+380504855381,2026-04-07 14:12,Scheduled
Oleg Shevchenko,LIC-1003,Orthodontist,103,Patient_93,INS-22903,+380504045400,2026-04-17 14:12,Completed
Oleg Shevchenko,LIC-1003,Orthodontist,103,Patient_94,INS-70350,+380505325089,2026-03-28 14:12,Cancelled
Oleg Shevchenko,LIC-1003,Orthodontist,103,Patient_95,INS-68553,+380504756595,2026-05-21 14:12,Completed
Anna Petrenko,LIC-1002,Therapist,102,Patient_96,INS-17703,+380509106525,2026-05-07 14:12,Cancelled
Anna Petrenko,LIC-1002,Therapist,102,Patient_97,INS-55128,+380504437410,2026-04-08 14:12,Cancelled
Anna Petrenko,LIC-1002,Therapist,102,Patient_98,INS-83200,+380506433130,2026-04-30 14:12,Scheduled
Oleg Shevchenko,LIC-1003,Orthodontist,103,Patient_99,INS-58366,+380502578846,2026-05-23 14:12,Scheduled
Ivan Ivanov,LIC-1001,Surgeon,101,Patient_100,INS-15988,+380503960588,2026-04-16 14:12,Scheduled
Oleg Shevchenko,LIC-1003,Orthodontist,103,Patient_101,INS-18606,+380501019793,2026-05-07 14:12,Scheduled
Oleg Shevchenko,LIC-1003,Orthodontist,103,Patient_102,INS-36619,+380501798753,2026-05-09 14:12,Cancelled
Anna Petrenko,LIC-1002,Therapist,102,Patient_103,INS-46106,+380508628029,2026-03-31 14:12,Scheduled
Oleg Shevchenko,LIC-1003,Orthodontist,103,Patient_104,INS-12565,+380507922183,2026-05-15 14:12,Completed
Oleg Shevchenko,LIC-1003,Orthodontist,103,Patient_105,INS-42900,+380507473632,2026-05-23 14:12,Cancelled
Oleg Shevchenko,LIC-1003,Orthodontist,103,Patient_106,INS-70015,+380501228919,2026-05-15 14:12,Cancelled
Anna Petrenko,LIC-1002,Therapist,102,Patient_107,INS-56287,+380503380211,2026-04-25 14:12,Scheduled
Anna Petrenko,LIC-1002,Therapist,102,Patient_108,INS-35468,+380501419707,2026-04-26 14:12,Completed
Oleg Shevchenko,LIC-1003,Orthodontist,103,Patient_109,INS-29954,+380502044697,2026-04-01 14:12,Cancelled
Anna Petrenko,LIC-1002,Therapist,102,Patient_110,INS-85268,+380505629262,2026-04-23 14:12,Cancelled
Oleg Shevchenko,LIC-1003,Orthodontist,103,Patient_111,INS-99717,+380502510329,2026-05-03 14:12,Completed
Oleg Shevchenko,LIC-1003,Orthodontist,103,Patient_112,INS-99389,+380508692512,2026-04-10 14:12,Scheduled
Oleg Shevchenko,LIC-1003,Orthodontist,103,Patient_113,INS-78344,+380502883521,2026-04-18 14:12,Completed
Oleg Shevchenko,LIC-1003,Orthodontist,103,Patient_114,INS-40278,+380508283964,2026-04-09 14:12,Cancelled
Oleg Shevchenko,LIC-1003,Orthodontist,103,Patient_115,INS-75809,+380504482390,2026-05-04 14:12,Completed
Anna Petrenko,LIC-1002,Therapist,102,Patient_116,INS-11972,+380508138366,2026-03-29 14:12,Cancelled
Ivan Ivanov,LIC-1001,Surgeon,101,Patient_117,INS-76681,+380502087464,2026-05-18 14:12,Scheduled
Anna Petrenko,LIC-1002,Therapist,102,Patient_118,INS-53008,+380505625684,2026-05-14 14:12,Cancelled
Anna Petrenko,LIC-1002,Therapist,102,Patient_119,INS-97044,+380509482526,2026-04-28 14:12,Cancelled
Ivan Ivanov,LIC-1001,Surgeon,101,Patient_120,INS-32888,+380501453265,2026-05-10 14:12,Completed
Oleg Shevchenko,LIC-1003,Orthodontist,103,Patient_121,INS-31074,+380506392602,2026-05-06 14:12,Completed
Anna Petrenko,LIC-1002,Therapist,102,Patient_122,INS-36154,+380506074545,2026-05-24 14:12,Completed
Oleg Shevchenko,LIC-1003,Orthodontist,103,Patient_123,INS-65451,+380507231963,2026-04-25 14:12,Scheduled
Oleg Shevchenko,LIC-1003,Orthodontist,103,Patient_124,INS-65534,+380504909206,2026-04-16 14:12,Completed
Anna Petrenko,LIC-1002,Therapist,102,Patient_125,INS-60212,+380504024653,2026-04-30 14:12,Completed
Oleg Shevchenko,LIC-1003,Orthodontist,103,Patient_126,INS-39365,+380503835903,2026-05-08 14:12,Cancelled
Ivan Ivanov,LIC-1001,Surgeon,101,Patient_127,INS-95392,+380502680921,2026-05-17 14:12,Scheduled
Ivan Ivanov,LIC-1001,Surgeon,101,Patient_128,INS-17700,+380509147066,2026-04-26 14:12,Scheduled
Oleg Shevchenko,LIC-1003,Orthodontist,103,Patient_129,INS-84157,+380506790626,2026-04-04 14:12,Cancelled
Oleg Shevchenko,LIC-1003,Orthodontist,103,Patient_130,INS-72988,+380505971148,2026-05-15 14:12,Cancelled
Anna Petrenko,LIC-1002,Therapist,102,Patient_131,INS-92971,+380506999026,2026-05-15 14:12,Scheduled
Anna Petrenko,LIC-1002,Therapist,102,Patient_132,INS-60079,+380506063779,2026-04-09 14:12,Scheduled
Ivan Ivanov,LIC-1001,Surgeon,101,Patient_133,INS-14300,+380506583907,2026-04-23 14:12,Scheduled
Oleg Shevchenko,LIC-1003,Orthodontist,103,Patient_134,INS-25799,+380509439177,2026-05-17 14:12,Completed
Oleg Shevchenko,LIC-1003,Orthodontist,103,Patient_135,INS-63157,+380508453871,2026-04-04 14:12,Completed
Anna Petrenko,LIC-1002,Therapist,102,Patient_136,INS-64494,+380505196120,2026-05-26 14:12,Cancelled
Anna Petrenko,LIC-1002,Therapist,102,Patient_137,INS-49840,+380504175653,2026-04-17 14:12,Completed
Ivan Ivanov,LIC-1001,Surgeon,101,Patient_138,INS-26183,+380503229973,2026-04-16 14:12,Scheduled
Anna Petrenko,LIC-1002,Therapist,102,Patient_139,INS-36876,+380505498568,2026-05-02 14:12,Scheduled
Oleg Shevchenko,LIC-1003,Orthodontist,103,Patient_140,INS-90002,+380502998586,2026-05-24 14:12,Cancelled
Anna Petrenko,LIC-1002,Therapist,102,Patient_141,INS-42424,+380503132559,2026-04-05 14:12,Scheduled
Oleg Shevchenko,LIC-1003,Orthodontist,103,Patient_142,INS-81293,+380507648026,2026-04-28 14:12,Completed
Oleg Shevchenko,LIC-1003,Orthodontist,103,Patient_143,INS-28385,+380501012844,2026-05-25 14:12,Scheduled
Anna Petrenko,LIC-1002,Therapist,102,Patient_144,INS-80480,+380501499182,2026-04-29 14:12,Cancelled
Anna Petrenko,LIC-1002,Therapist,102,Patient_145,INS-95570,+380503396954,2026-04-23 14:12,Scheduled
Anna Petrenko,LIC-1002,Therapist,102,Patient_146,INS-86078,+380502921865,2026-04-17 14:12,Scheduled
Oleg Shevchenko,LIC-1003,Orthodontist,103,Patient_147,INS-25233,+380503259153,2026-05-21 14:12,Scheduled
Oleg Shevchenko,LIC-1003,Orthodontist,103,Patient_148,INS-31800,+380503736607,2026-04-23 14:12,Completed
Anna Petrenko,LIC-1002,Therapist,102,Patient_149,INS-61056,+380502012751,2026-05-24 14:12,Scheduled
Ivan Ivanov,LIC-1001,Surgeon,101,Patient_150,INS-18351,+380507388562,2026-04-01 14:12,Scheduled
Oleg Shevchenko,LIC-1003,Orthodontist,103,Patient_151,INS-32198,+380508371241,2026-04-30 14:12,Completed
Ivan Ivanov,LIC-1001,Surgeon,101,Patient_152,INS-83809,+380501638644,2026-05-18 14:12,Cancelled
Ivan Ivanov,LIC-1001,Surgeon,101,Patient_153,INS-12250,+380503602093,2026-05-11 14:12,Scheduled
Ivan Ivanov,LIC-1001,Surgeon,101,Patient_154,INS-27854,+380504499114,2026-04-09 14:12,Completed
Anna Petrenko,LIC-1002,Therapist,102,Patient_155,INS-57595,+380506264225,2026-05-18 14:12,Completed
Oleg Shevchenko,LIC-1003,Orthodontist,103,Patient_156,INS-89060,+380508962418,2026-03-28 14:12,Scheduled
Oleg Shevchenko,LIC-1003,Orthodontist,103,Patient_157,INS-51311,+380502748866,2026-05-11 14:12,Cancelled
Ivan Ivanov,LIC-1001,Surgeon,101,Patient_158,INS-89618,+380505173859,2026-04-17 14:12,Cancelled
Ivan Ivanov,LIC-1001,Surgeon,101,Patient_159,INS-73204,+380502806623,2026-05-25 14:12,Scheduled
Oleg Shevchenko,LIC-1003,Orthodontist,103,Patient_160,INS-54912,+380504690708,2026-05-05 14:12,Cancelled
Ivan Ivanov,LIC-1001,Surgeon,101,Patient_161,INS-56891,+380507981278,2026-05-19 14:12,Completed
Anna Petrenko,LIC-1002,Therapist,102,Patient_162,INS-10113,+380506895125,2026-05-15 14:12,Scheduled
Oleg Shevchenko,LIC-1003,Orthodontist,103,Patient_163,INS-36656,+380503220720,2026-04-10 14:12,Cancelled
Oleg Shevchenko,LIC-1003,Orthodontist,103,Patient_164,INS-75343,+380509285331,2026-04-20 14:12,Completed
Anna Petrenko,LIC-1002,Therapist,102,Patient_165,INS-63676,+380506021735,2026-05-17 14:12,Completed
Ivan Ivanov,LIC-1001,Surgeon,101,Patient_166,INS-32737,+380503507491,2026-05-26 14:12,Completed
Ivan Ivanov,LIC-1001,Surgeon,101,Patient_167,INS-45394,+380509805812,2026-04-10 14:12,Completed
Oleg Shevchenko,LIC-1003,Orthodontist,103,Patient_168,INS-98079,+380504910003,2026-04-25 14:12,Completed
Oleg Shevchenko,LIC-1003,Orthodontist,103,Patient_169,INS-28699,+380501242152,2026-04-16 14:12,Cancelled
Anna Petrenko,LIC-1002,Therapist,102,Patient_170,INS-83102,+380503759587,2026-05-11 14:12,Completed
Anna Petrenko,LIC-1002,Therapist,102,Patient_171,INS-22640,+380502593334,2026-04-18 14:12,Scheduled
Ivan Ivanov,LIC-1001,Surgeon,101,Patient_172,INS-47696,+380507903412,2026-04-25 14:12,Scheduled
Ivan Ivanov,LIC-1001,Surgeon,101,Patient_173,INS-52663,+380505171326,2026-04-12 14:12,Completed
Anna Petrenko,LIC-1002,Therapist,102,Patient_174,INS-12265,+380503077322,2026-04-29 14:12,Completed
Oleg Shevchenko,LIC-1003,Orthodontist,103,Patient_175,INS-67889,+380507196673,2026-04-22 14:12,Completed
Ivan Ivanov,LIC-1001,Surgeon,101,Patient_176,INS-57633,+380507626149,2026-05-07 14:12,Completed
Oleg Shevchenko,LIC-1003,Orthodontist,103,Patient_177,INS-96850,+380506381824,2026-05-25 14:12,Scheduled
Oleg Shevchenko,LIC-1003,Orthodontist,103,Patient_178,INS-25459,+380505925618,2026-05-02 14:12,Cancelled
Ivan Ivanov,LIC-1001,Surgeon,101,Patient_179,INS-44373,+380507946889,2026-03-30 14:12,Completed
Anna Petrenko,LIC-1002,Therapist,102,Patient_180,INS-29665,+380508284261,2026-04-08 14:12,Cancelled
Ivan Ivanov,LIC-1001,Surgeon,101,Patient_181,INS-43585,+380503741404,2026-05-16 14:12,Completed
Oleg Shevchenko,LIC-1003,Orthodontist,103,Patient_182,INS-25869,+380509972335,2026-05-08 14:12,Cancelled
Anna Petrenko,LIC-1002,Therapist,102,Patient_183,INS-10870,+380508298338,2026-03-28 14:12,Cancelled
Anna Petrenko,LIC-1002,Therapist,102,Patient_184,INS-82666,+380505028913,2026-04-07 14:12,Completed
Ivan Ivanov,LIC-1001,Surgeon,101,Patient_185,INS-25439,+380507064890,2026-04-06 14:12,Completed
Anna Petrenko,LIC-1002,Therapist,102,Patient_186,INS-92883,+380502441058,2026-03-29 14:12,Scheduled
Ivan Ivanov,LIC-1001,Surgeon,101,Patient_187,INS-34422,+380508575550,2026-05-24 14:12,Cancelled
Anna Petrenko,LIC-1002,Therapist,102,Patient_188,INS-73826,+380503458427,2026-04-28 14:12,Completed
Ivan Ivanov,LIC-1001,Surgeon,101,Patient_189,INS-12759,+380504916263,2026-05-22 14:12,Cancelled
Anna Petrenko,LIC-1002,Therapist,102,Patient_190,INS-40357,+380507732097,2026-04-21 14:12,Scheduled
Ivan Ivanov,LIC-1001,Surgeon,101,Patient_191,INS-97978,+380507909318,2026-04-10 14:12,Cancelled
Ivan Ivanov,LIC-1001,Surgeon,101,Patient_192,INS-34520,+380508692210,2026-04-27 14:12,Scheduled
Oleg Shevchenko,LIC-1003,Orthodontist,103,Patient_193,INS-43896,+380508684589,2026-04-04 14:12,Cancelled
Oleg Shevchenko,LIC-1003,Orthodontist,103,Patient_194,INS-40809,+380508583930,2026-04-28 14:12,Cancelled
Anna Petrenko,LIC-1002,Therapist,102,Patient_195,INS-76444,+380508150734,2026-05-19 14:12,Cancelled
Anna Petrenko,LIC-1002,Therapist,102,Patient_196,INS-14885,+380502499159,2026-04-19 14:12,Cancelled
Anna Petrenko,LIC-1002,Therapist,102,Patient_197,INS-94887,+380502026814,2026-05-26 14:12,Cancelled
Anna Petrenko,LIC-1002,Therapist,102,Patient_198,INS-55914,+380509103166,2026-05-20 14:12,Completed
Oleg Shevchenko,LIC-1003,Orthodontist,103,Patient_199,INS-54501,+380506615671,2026-04-12 14:12,Cancelled
Oleg Shevchenko,LIC-1003,Orthodontist,103,Patient_200,INS-42337,+380508525512,2026-05-09 14:12,Completed
Ivan Ivanov,LIC-1001,Surgeon,101,Patient_201,INS-74605,+380505128891,2026-05-11 14:12,Scheduled
Oleg Shevchenko,LIC-1003,Orthodontist,103,Patient_202,INS-48695,+380502035028,2026-04-15 14:12,Completed
Ivan Ivanov,LIC-1001,Surgeon,101,Patient_203,INS-38897,+380505998637,2026-05-08 14:12,Cancelled
Oleg Shevchenko,LIC-1003,Orthodontist,103,Patient_204,INS-58644,+380509523588,2026-04-15 14:12,Scheduled
Ivan Ivanov,LIC-1001,Surgeon,101,Patient_205,INS-17586,+380508623583,2026-03-31 14:12,Completed
Ivan Ivanov,LIC-1001,Surgeon,101,Patient_206,INS-35194,+380508389278,2026-04-16 14:12,Completed
Anna Petrenko,LIC-1002,Therapist,102,Patient_207,INS-81019,+380503306903,2026-04-17 14:12,Cancelled
Ivan Ivanov,LIC-1001,Surgeon,101,Patient_208,INS-28629,+380503245486,2026-05-06 14:12,Cancelled
Oleg Shevchenko,LIC-1003,Orthodontist,103,Patient_209,INS-26241,+380501409804,2026-05-22 14:12,Completed
Anna Petrenko,LIC-1002,Therapist,102,Patient_210,INS-53836,+380504277814,2026-04-29 14:12,Cancelled
Ivan Ivanov,LIC-1001,Surgeon,101,Patient_211,INS-42090,+380502537570,2026-05-05 14:12,Cancelled
Oleg Shevchenko,LIC-1003,Orthodontist,103,Patient_212,INS-13539,+380509778386,2026-05-04 14:12,Cancelled
Ivan Ivanov,LIC-1001,Surgeon,101,Patient_213,INS-56464,+380504733967,2026-03-29 14:12,Scheduled
Anna Petrenko,LIC-1002,Therapist,102,Patient_214,INS-67153,+380508298767,2026-05-13 14:12,Scheduled
Ivan Ivanov,LIC-1001,Surgeon,101,Patient_215,INS-27810,+380502597359,2026-05-18 14:12,Cancelled
Oleg Shevchenko,LIC-1003,Orthodontist,103,Patient_216,INS-15236,+380501632457,2026-05-04 14:12,Cancelled
Anna Petrenko,LIC-1002,Therapist,102,Patient_217,INS-45073,+380507735107,2026-05-19 14:12,Scheduled
Oleg Shevchenko,LIC-1003,Orthodontist,103,Patient_218,INS-91081,+380507920900,2026-04-07 14:12,Scheduled
Ivan Ivanov,LIC-1001,Surgeon,101,Patient_219,INS-14304,+380503798412,2026-04-20 14:12,Completed
Ivan Ivanov,LIC-1001,Surgeon,101,Patient_220,INS-97520,+380505631980,2026-05-15 14:12,Completed
Oleg Shevchenko,LIC-1003,Orthodontist,103,Patient_221,INS-18114,+380501782242,2026-05-01 14:12,Completed
Oleg Shevchenko,LIC-1003,Orthodontist,103,Patient_222,INS-88990,+380509734004,2026-04-19 14:12,Scheduled
Ivan Ivanov,LIC-1001,Surgeon,101,Patient_223,INS-33682,+380506011829,2026-04-23 14:12,Cancelled
Ivan Ivanov,LIC-1001,Surgeon,101,Patient_224,INS-10614,+380506326549,2026-05-08 14:12,Scheduled
Anna Petrenko,LIC-1002,Therapist,102,Patient_225,INS-99223,+380501627997,2026-05-17 14:12,Cancelled
Anna Petrenko,LIC-1002,Therapist,102,Patient_226,INS-35413,+380504500669,2026-05-09 14:12,Cancelled
Oleg Shevchenko,LIC-1003,Orthodontist,103,Patient_227,INS-72580,+380502116450,2026-05-26 14:12,Cancelled
Anna Petrenko,LIC-1002,Therapist,102,Patient_228,INS-88048,+380509437407,2026-05-15 14:12,Scheduled
Anna Petrenko,LIC-1002,Therapist,102,Patient_229,INS-96429,+380503467929,2026-04-11 14:12,Completed
Ivan Ivanov,LIC-1001,Surgeon,101,Patient_230,INS-18982,+380501439912,2026-04-09 14:12,Cancelled
Ivan Ivanov,LIC-1001,Surgeon,101,Patient_231,INS-47273,+380506086429,2026-05-21 14:12,Cancelled
Anna Petrenko,LIC-1002,Therapist,102,Patient_232,INS-88424,+380508292765,2026-05-05 14:12,Cancelled
Oleg Shevchenko,LIC-1003,Orthodontist,103,Patient_233,INS-19406,+380502247036,2026-04-19 14:12,Cancelled
Anna Petrenko,LIC-1002,Therapist,102,Patient_234,INS-58301,+380508097286,2026-05-20 14:12,Scheduled
Anna Petrenko,LIC-1002,Therapist,102,Patient_235,INS-70067,+380505449726,2026-03-29 14:12,Completed
Anna Petrenko,LIC-1002,Therapist,102,Patient_236,INS-79292,+380509385790,2026-04-23 14:12,Completed
Oleg Shevchenko,LIC-1003,Orthodontist,103,Patient_237,INS-98553,+380504074199,2026-05-12 14:12,Scheduled
Anna Petrenko,LIC-1002,Therapist,102,Patient_238,INS-44672,+380509756544,2026-05-01 14:12,Completed
Oleg Shevchenko,LIC-1003,Orthodontist,103,Patient_239,INS-90939,+380501935315,2026-05-01 14:12,Completed
Anna Petrenko,LIC-1002,Therapist,102,Patient_240,INS-28405,+380507234140,2026-05-18 14:12,Cancelled
Ivan Ivanov,LIC-1001,Surgeon,101,Patient_241,INS-60325,+380509786896,2026-04-15 14:12,Completed
Anna Petrenko,LIC-1002,Therapist,102,Patient_242,INS-45815,+380501774190,2026-05-25 14:12,Cancelled
Oleg Shevchenko,LIC-1003,Orthodontist,103,Patient_243,INS-48825,+380509158102,2026-05-01 14:12,Cancelled
Anna Petrenko,LIC-1002,Therapist,102,Patient_244,INS-13545,+380502685089,2026-04-17 14:12,Completed
Anna Petrenko,LIC-1002,Therapist,102,Patient_245,INS-48015,+380507344382,2026-04-22 14:12,Completed
Oleg Shevchenko,LIC-1003,Orthodontist,103,Patient_246,INS-75969,+380504038456,2026-04-18 14:12,Completed
Anna Petrenko,LIC-1002,Therapist,102,Patient_247,INS-39123,+380503456732,2026-04-29 14:12,Completed
Anna Petrenko,LIC-1002,Therapist,102,Patient_248,INS-88745,+380506000043,2026-05-05 14:12,Scheduled
Oleg Shevchenko,LIC-1003,Orthodontist,103,Patient_249,INS-42089,+380507901799,2026-05-12 14:12,Scheduled
Ivan Ivanov,LIC-1001,Surgeon,101,Patient_250,INS-83289,+380504281746,2026-04-19 14:12,Completed
Ivan Ivanov,LIC-1001,Surgeon,101,Patient_251,INS-66040,+380501015217,2026-04-18 14:12,Cancelled
Ivan Ivanov,LIC-1001,Surgeon,101,Patient_252,INS-46493,+380505778773,2026-05-16 14:12,Completed
Anna Petrenko,LIC-1002,Therapist,102,Patient_253,INS-39377,+380506793060,2026-05-23 14:12,Scheduled
Oleg Shevchenko,LIC-1003,Orthodontist,103,Patient_254,INS-80834,+380502959291,2026-04-12 14:12,Cancelled
Ivan Ivanov,LIC-1001,Surgeon,101,Patient_255,INS-64828,+380501058442,2026-03-31 14:12,Cancelled
Anna Petrenko,LIC-1002,Therapist,102,Patient_256,INS-15021,+380507032027,2026-05-20 14:12,Completed
Oleg Shevchenko,LIC-1003,Orthodontist,103,Patient_257,INS-57739,+380505643194,2026-05-12 14:12,Completed
Ivan Ivanov,LIC-1001,Surgeon,101,Patient_258,INS-62098,+380507068752,2026-04-28 14:12,Scheduled
Oleg Shevchenko,LIC-1003,Orthodontist,103,Patient_259,INS-28300,+380501317510,2026-04-07 14:12,Scheduled
Oleg Shevchenko,LIC-1003,Orthodontist,103,Patient_260,INS-84140,+380506728086,2026-05-22 14:12,Completed
Anna Petrenko,LIC-1002,Therapist,102,Patient_261,INS-66940,+380507400017,2026-05-16 14:12,Completed
Ivan Ivanov,LIC-1001,Surgeon,101,Patient_262,INS-17461,+380502588966,2026-04-13 14:12,Cancelled
Oleg Shevchenko,LIC-1003,Orthodontist,103,Patient_263,INS-67810,+380501634160,2026-05-08 14:12,Completed
Oleg Shevchenko,LIC-1003,Orthodontist,103,Patient_264,INS-30482,+380509758956,2026-05-14 14:12,Completed
Ivan Ivanov,LIC-1001,Surgeon,101,Patient_265,INS-18058,+380501012927,2026-05-04 14:12,Cancelled
Ivan Ivanov,LIC-1001,Surgeon,101,Patient_266,INS-36676,+380509210739,2026-04-11 14:12,Cancelled
Ivan Ivanov,LIC-1001,Surgeon,101,Patient_267,INS-62598,+380502623576,2026-05-06 14:12,Completed
Ivan Ivanov,LIC-1001,Surgeon,101,Patient_268,INS-67506,+380502680611,2026-05-02 14:12,Cancelled
Oleg Shevchenko,LIC-1003,Orthodontist,103,Patient_269,INS-58470,+380506436540,2026-05-24 14:12,Scheduled
Oleg Shevchenko,LIC-1003,Orthodontist,103,Patient_270,INS-65465,+380501493476,2026-04-07 14:12,Cancelled
Anna Petrenko,LIC-1002,Therapist,102,Patient_271,INS-61692,+380501118354,2026-04-10 14:12,Completed
Anna Petrenko,LIC-1002,Therapist,102,Patient_272,INS-33030,+380509071530,2026-05-07 14:12,Completed
Ivan Ivanov,LIC-1001,Surgeon,101,Patient_273,INS-47006,+380507312233,2026-05-06 14:12,Cancelled
Anna Petrenko,LIC-1002,Therapist,102,Patient_274,INS-94506,+380505246379,2026-04-04 14:12,Cancelled
Anna Petrenko,LIC-1002,Therapist,102,Patient_275,INS-88933,+380507809780,2026-04-05 14:12,Scheduled
Anna Petrenko,LIC-1002,Therapist,102,Patient_276,INS-76093,+380507468720,2026-04-11 14:12,Cancelled
Anna Petrenko,LIC-1002,Therapist,102,Patient_277,INS-36038,+380501088811,2026-04-22 14:12,Completed
Oleg Shevchenko,LIC-1003,Orthodontist,103,Patient_278,INS-88637,+380503303069,2026-04-21 14:12,Scheduled
Oleg Shevchenko,LIC-1003,Orthodontist,103,Patient_279,INS-83032,+380504409440,2026-03-29 14:12,Completed
Ivan Ivanov,LIC-1001,Surgeon,101,Patient_280,INS-28970,+380503565629,2026-04-01 14:12,Completed
Oleg Shevchenko,LIC-1003,Orthodontist,103,Patient_281,INS-81201,+380502894341,2026-04-22 14:12,Completed
Ivan Ivanov,LIC-1001,Surgeon,101,Patient_282,INS-91213,+380501989778,2026-05-18 14:12,Scheduled
Anna Petrenko,LIC-1002,Therapist,102,Patient_283,INS-43921,+380506365582,2026-04-15 14:12,Completed
Ivan Ivanov,LIC-1001,Surgeon,101,Patient_284,INS-84230,+380503152130,2026-04-09 14:12,Completed
Anna Petrenko,LIC-1002,Therapist,102,Patient_285,INS-75187,+380504570785,2026-05-14 14:12,Scheduled
Ivan Ivanov,LIC-1001,Surgeon,101,Patient_286,INS-46367,+380501428461,2026-05-12 14:12,Cancelled
Ivan Ivanov,LIC-1001,Surgeon,101,Patient_287,INS-31635,+380505945273,2026-05-21 14:12,Completed
Ivan Ivanov,LIC-1001,Surgeon,101,Patient_288,INS-78941,+380507745209,2026-04-27 14:12,Completed
Ivan Ivanov,LIC-1001,Surgeon,101,Patient_289,INS-10866,+380509871120,2026-04-28 14:12,Cancelled
Ivan Ivanov,LIC-1001,Surgeon,101,Patient_290,INS-68769,+380502366183,2026-04-17 14:12,Scheduled
Oleg Shevchenko,LIC-1003,Orthodontist,103,Patient_291,INS-79258,+380504808736,2026-05-11 14:12,Completed
Oleg Shevchenko,LIC-1003,Orthodontist,103,Patient_292,INS-87052,+380501794188,2026-04-18 14:12,Scheduled
Anna Petrenko,LIC-1002,Therapist,102,Patient_293,INS-21686,+380501322594,2026-05-06 14:12,Completed
Oleg Shevchenko,LIC-1003,Orthodontist,103,Patient_294,INS-20398,+380509458743,2026-05-04 14:12,Completed
Anna Petrenko,LIC-1002,Therapist,102,Patient_295,INS-59625,+380508360118,2026-04-01 14:12,Completed
Anna Petrenko,LIC-1002,Therapist,102,Patient_296,INS-53341,+380502883365,2026-04-08 14:12,Scheduled
Anna Petrenko,LIC-1002,Therapist,102,Patient_297,INS-29511,+380507560439,2026-05-23 14:12,Scheduled
Ivan Ivanov,LIC-1001,Surgeon,101,Patient_298,INS-29084,+380503276369,2026-04-06 14:12,Cancelled
Anna Petrenko,LIC-1002,Therapist,102,Patient_299,INS-83736,+380503929896,2026-05-22 14:12,Cancelled
Ivan Ivanov,LIC-1001,Surgeon,101,Patient_300,INS-44074,+380504410865,2026-04-14 14:12,Completed
Oleg Shevchenko,LIC-1003,Orthodontist,103,Patient_301,INS-77346,+380501648589,2026-05-18 14:12,Completed
Ivan Ivanov,LIC-1001,Surgeon,101,Patient_302,INS-57244,+380504315619,2026-05-10 14:12,Cancelled
Ivan Ivanov,LIC-1001,Surgeon,101,Patient_303,INS-15587,+380503779497,2026-04-15 14:12,Scheduled
Oleg Shevchenko,LIC-1003,Orthodontist,103,Patient_304,INS-66672,+380508758737,2026-05-01 14:12,Cancelled
Oleg Shevchenko,LIC-1003,Orthodontist,103,Patient_305,INS-72790,+380509542764,2026-04-21 14:12,Completed
Anna Petrenko,LIC-1002,Therapist,102,Patient_306,INS-43947,+380502425402,2026-03-28 14:12,Completed
Anna Petrenko,LIC-1002,Therapist,102,Patient_307,INS-43240,+380509252924,2026-04-26 14:12,Completed
Anna Petrenko,LIC-1002,Therapist,102,Patient_308,INS-94259,+380501751592,2026-05-11 14:12,Completed
Oleg Shevchenko,LIC-1003,Orthodontist,103,Patient_309,INS-47585,+380506566481,2026-04-15 14:12,Scheduled
Ivan Ivanov,LIC-1001,Surgeon,101,Patient_310,INS-72928,+380507567798,2026-05-03 14:12,Completed
Anna Petrenko,LIC-1002,Therapist,102,Patient_311,INS-66833,+380508847284,2026-04-06 14:12,Completed
Ivan Ivanov,LIC-1001,Surgeon,101,Patient_312,INS-77903,+380507084279,2026-04-29 14:12,Scheduled
Ivan Ivanov,LIC-1001,Surgeon,101,Patient_313,INS-71650,+380505543455,2026-04-11 14:12,Cancelled
Oleg Shevchenko,LIC-1003,Orthodontist,103,Patient_314,INS-64442,+380501056650,2026-04-13 14:12,Scheduled
Anna Petrenko,LIC-1002,Therapist,102,Patient_315,INS-95245,+380509695137,2026-04-11 14:12,Completed
Ivan Ivanov,LIC-1001,Surgeon,101,Patient_316,INS-50391,+380504789489,2026-05-16 14:12,Completed
Anna Petrenko,LIC-1002,Therapist,102,Patient_317,INS-79611,+380502073652,2026-04-14 14:12,Completed
Ivan Ivanov,LIC-1001,Surgeon,101,Patient_318,INS-50749,+380506531367,2026-04-28 14:12,Completed
Oleg Shevchenko,LIC-1003,Orthodontist,103,Patient_319,INS-58181,+380509604166,2026-05-26 14:12,Scheduled
Oleg Shevchenko,LIC-1003,Orthodontist,103,Patient_320,INS-56158,+380505357928,2026-04-14 14:12,Completed
Ivan Ivanov,LIC-1001,Surgeon,101,Patient_321,INS-45667,+380504866443,2026-04-28 14:12,Scheduled
Anna Petrenko,LIC-1002,Therapist,102,Patient_322,INS-39530,+380508572205,2026-04-15 14:12,Cancelled
Anna Petrenko,LIC-1002,Therapist,102,Patient_323,INS-96812,+380508888628,2026-05-08 14:12,Completed
Oleg Shevchenko,LIC-1003,Orthodontist,103,Patient_324,INS-51572,+380503182437,2026-04-09 14:12,Cancelled
Oleg Shevchenko,LIC-1003,Orthodontist,103,Patient_325,INS-83678,+380509878473,2026-05-25 14:12,Completed
Ivan Ivanov,LIC-1001,Surgeon,101,Patient_326,INS-55460,+380506374002,2026-05-04 14:12,Completed
Ivan Ivanov,LIC-1001,Surgeon,101,Patient_327,INS-67879,+380503481279,2026-05-24 14:12,Completed
Oleg Shevchenko,LIC-1003,Orthodontist,103,Patient_328,INS-52565,+380505841747,2026-05-20 14:12,Cancelled
Ivan Ivanov,LIC-1001,Surgeon,101,Patient_329,INS-63607,+380507356301,2026-04-13 14:12,Scheduled
Oleg Shevchenko,LIC-1003,Orthodontist,103,Patient_330,INS-90581,+380509241964,2026-04-14 14:12,Scheduled
Ivan Ivanov,LIC-1001,Surgeon,101,Patient_331,INS-68609,+380507390216,2026-05-13 14:12,Completed
Oleg Shevchenko,LIC-1003,Orthodontist,103,Patient_332,INS-18315,+380503534010,2026-04-02 14:12,Scheduled
Ivan Ivanov,LIC-1001,Surgeon,101,Patient_333,INS-74216,+380505137046,2026-05-23 14:12,Cancelled
Oleg Shevchenko,LIC-1003,Orthodontist,103,Patient_334,INS-62620,+380501804246,2026-05-20 14:12,Cancelled
Anna Petrenko,LIC-1002,Therapist,102,Patient_335,INS-29350,+380504572859,2026-04-19 14:12,Completed
Ivan Ivanov,LIC-1001,Surgeon,101,Patient_336,INS-14003,+380502342702,2026-03-28 14:12,Completed
Oleg Shevchenko,LIC-1003,Orthodontist,103,Patient_337,INS-29721,+380507676694,2026-05-23 14:12,Completed
Ivan Ivanov,LIC-1001,Surgeon,101,Patient_338,INS-53687,+380507367767,2026-05-19 14:12,Completed
Anna Petrenko,LIC-1002,Therapist,102,Patient_339,INS-62190,+380502502335,2026-05-20 14:12,Cancelled
Anna Petrenko,LIC-1002,Therapist,102,Patient_340,INS-28016,+380502672488,2026-04-26 14:12,Scheduled
Oleg Shevchenko,LIC-1003,Orthodontist,103,Patient_341,INS-53182,+380505438118,2026-05-13 14:12,Completed
Ivan Ivanov,LIC-1001,Surgeon,101,Patient_342,INS-77771,+380509277428,2026-04-20 14:12,Cancelled
Oleg Shevchenko,LIC-1003,Orthodontist,103,Patient_343,INS-58390,+380503520330,2026-04-26 14:12,Cancelled
Ivan Ivanov,LIC-1001,Surgeon,101,Patient_344,INS-41099,+380504192030,2026-04-20 14:12,Scheduled
Anna Petrenko,LIC-1002,Therapist,102,Patient_345,INS-56581,+380506174792,2026-04-02 14:12,Scheduled
Oleg Shevchenko,LIC-1003,Orthodontist,103,Patient_346,INS-26427,+380504380605,2026-04-13 14:12,Scheduled
Oleg Shevchenko,LIC-1003,Orthodontist,103,Patient_347,INS-72242,+380504602917,2026-05-01 14:12,Completed
Ivan Ivanov,LIC-1001,Surgeon,101,Patient_348,INS-80153,+380506612717,2026-04-07 14:12,Scheduled
Oleg Shevchenko,LIC-1003,Orthodontist,103,Patient_349,INS-25618,+380508569111,2026-05-07 14:12,Completed
Anna Petrenko,LIC-1002,Therapist,102,Patient_350,INS-82031,+380504857624,2026-04-24 14:12,Cancelled
Ivan Ivanov,LIC-1001,Surgeon,101,Patient_351,INS-49600,+380505859355,2026-04-22 14:12,Cancelled
Anna Petrenko,LIC-1002,Therapist,102,Patient_352,INS-28299,+380504785781,2026-04-13 14:12,Scheduled
Anna Petrenko,LIC-1002,Therapist,102,Patient_353,INS-25456,+380506508775,2026-05-07 14:12,Cancelled
Anna Petrenko,LIC-1002,Therapist,102,Patient_354,INS-20869,+380509099042,2026-04-08 14:12,Scheduled
Anna Petrenko,LIC-1002,Therapist,102,Patient_355,INS-62865,+380509315524,2026-05-23 14:12,Cancelled
Oleg Shevchenko,LIC-1003,Orthodontist,103,Patient_356,INS-72706,+380505188495,2026-04-19 14:12,Completed
Ivan Ivanov,LIC-1001,Surgeon,101,Patient_357,INS-68992,+380509574767,2026-04-25 14:12,Completed
Anna Petrenko,LIC-1002,Therapist,102,Patient_358,INS-54305,+380504418898,2026-05-20 14:12,Scheduled
Oleg Shevchenko,LIC-1003,Orthodontist,103,Patient_359,INS-74738,+380505917793,2026-04-22 14:12,Cancelled
Anna Petrenko,LIC-1002,Therapist,102,Patient_360,INS-28976,+380509654852,2026-05-04 14:12,Scheduled
Ivan Ivanov,LIC-1001,Surgeon,101,Patient_361,INS-50456,+380506470470,2026-05-01 14:12,Completed
Anna Petrenko,LIC-1002,Therapist,102,Patient_362,INS-59764,+380504250226,2026-04-09 14:12,Scheduled
Ivan Ivanov,LIC-1001,Surgeon,101,Patient_363,INS-32540,+380503930671,2026-03-30 14:12,Scheduled
Ivan Ivanov,LIC-1001,Surgeon,101,Patient_364,INS-52870,+380504000701,2026-05-01 14:12,Completed
Anna Petrenko,LIC-1002,Therapist,102,Patient_365,INS-97128,+380505913371,2026-05-04 14:12,Completed
Ivan Ivanov,LIC-1001,Surgeon,101,Patient_366,INS-60999,+380508597715,2026-04-21 14:12,Completed
Anna Petrenko,LIC-1002,Therapist,102,Patient_367,INS-71475,+380506503011,2026-04-15 14:12,Cancelled
Ivan Ivanov,LIC-1001,Surgeon,101,Patient_368,INS-99629,+380504573058,2026-04-26 14:12,Scheduled
Anna Petrenko,LIC-1002,Therapist,102,Patient_369,INS-29357,+380502489573,2026-05-02 14:12,Scheduled
Oleg Shevchenko,LIC-1003,Orthodontist,103,Patient_370,INS-48421,+380504846149,2026-04-23 14:12,Scheduled
Ivan Ivanov,LIC-1001,Surgeon,101,Patient_371,INS-93740,+380508231813,2026-04-11 14:12,Scheduled
Oleg Shevchenko,LIC-1003,Orthodontist,103,Patient_372,INS-27609,+380508669958,2026-04-01 14:12,Scheduled
Anna Petrenko,LIC-1002,Therapist,102,Patient_373,INS-59643,+380505480656,2026-04-07 14:12,Completed
Ivan Ivanov,LIC-1001,Surgeon,101,Patient_374,INS-73452,+380508301310,2026-04-25 14:12,Cancelled
Anna Petrenko,LIC-1002,Therapist,102,Patient_375,INS-17871,+380505451531,2026-04-21 14:12,Scheduled
Ivan Ivanov,LIC-1001,Surgeon,101,Patient_376,INS-25206,+380507249424,2026-04-13 14:12,Scheduled
Ivan Ivanov,LIC-1001,Surgeon,101,Patient_377,INS-24247,+380505289780,2026-05-26 14:12,Scheduled
Anna Petrenko,LIC-1002,Therapist,102,Patient_378,INS-50758,+380505835399,2026-05-13 14:12,Cancelled
Oleg Shevchenko,LIC-1003,Orthodontist,103,Patient_379,INS-28116,+380505885602,2026-04-30 14:12,Cancelled
Oleg Shevchenko,LIC-1003,Orthodontist,103,Patient_380,INS-43810,+380503645178,2026-04-03 14:12,Completed
Anna Petrenko,LIC-1002,Therapist,102,Patient_381,INS-32960,+380501768885,2026-04-23 14:12,Cancelled
Oleg Shevchenko,LIC-1003,Orthodontist,103,Patient_382,INS-58994,+380504729110,2026-05-25 14:12,Cancelled
Anna Petrenko,LIC-1002,Therapist,102,Patient_383,INS-12611,+380508761303,2026-03-30 14:12,Scheduled
Oleg Shevchenko,LIC-1003,Orthodontist,103,Patient_384,INS-18869,+380508581372,2026-04-08 14:12,Scheduled
Oleg Shevchenko,LIC-1003,Orthodontist,103,Patient_385,INS-38479,+380507009742,2026-05-19 14:12,Completed
Ivan Ivanov,LIC-1001,Surgeon,101,Patient_386,INS-17343,+380505007818,2026-04-16 14:12,Completed
Ivan Ivanov,LIC-1001,Surgeon,101,Patient_387,INS-18004,+380503578106,2026-04-17 14:12,Scheduled
Ivan Ivanov,LIC-1001,Surgeon,101,Patient_388,INS-60025,+380501277652,2026-04-29 14:12,Completed
Oleg Shevchenko,LIC-1003,Orthodontist,103,Patient_389,INS-80702,+380509033521,2026-05-06 14:12,Scheduled
Oleg Shevchenko,LIC-1003,Orthodontist,103,Patient_390,INS-95036,+380506476539,2026-04-04 14:12,Cancelled
Ivan Ivanov,LIC-1001,Surgeon,101,Patient_391,INS-47743,+380502343518,2026-04-26 14:12,Scheduled
Anna Petrenko,LIC-1002,Therapist,102,Patient_392,INS-14844,+380501040290,2026-05-04 14:12,Cancelled
Ivan Ivanov,LIC-1001,Surgeon,101,Patient_393,INS-42167,+380506743541,2026-04-05 14:12,Scheduled
Oleg Shevchenko,LIC-1003,Orthodontist,103,Patient_394,INS-41031,+380505716481,2026-05-19 14:12,Cancelled
Ivan Ivanov,LIC-1001,Surgeon,101,Patient_395,INS-75721,+380509870479,2026-04-02 14:12,Scheduled
Oleg Shevchenko,LIC-1003,Orthodontist,103,Patient_396,INS-99260,+380502837658,2026-05-26 14:12,Cancelled
Oleg Shevchenko,LIC-1003,Orthodontist,103,Patient_397,INS-19652,+380502023139,2026-05-17 14:12,Cancelled
Anna Petrenko,LIC-1002,Therapist,102,Patient_398,INS-26018,+380505356768,2026-04-09 14:12,Completed
Oleg Shevchenko,LIC-1003,Orthodontist,103,Patient_399,INS-61631,+380509148322,2026-05-05 14:12,Cancelled
Anna Petrenko,LIC-1002,Therapist,102,Patient_400,INS-52961,+380509695414,2026-05-04 14:12,Scheduled
Anna Petrenko,LIC-1002,Therapist,102,Patient_401,INS-21658,+380503463792,2026-04-16 14:12,Cancelled
Oleg Shevchenko,LIC-1003,Orthodontist,103,Patient_402,INS-73457,+380501202224,2026-05-07 14:12,Completed
Ivan Ivanov,LIC-1001,Surgeon,101,Patient_403,INS-21112,+380502719421,2026-04-06 14:12,Cancelled
Anna Petrenko,LIC-1002,Therapist,102,Patient_404,INS-49443,+380504278927,2026-05-24 14:12,Cancelled
Anna Petrenko,LIC-1002,Therapist,102,Patient_405,INS-96415,+380507175781,2026-05-12 14:12,Completed
Ivan Ivanov,LIC-1001,Surgeon,101,Patient_406,INS-73124,+380508304080,2026-05-02 14:12,Scheduled
Anna Petrenko,LIC-1002,Therapist,102,Patient_407,INS-27042,+380505702139,2026-05-06 14:12,Completed
Oleg Shevchenko,LIC-1003,Orthodontist,103,Patient_408,INS-75256,+380506590230,2026-04-04 14:12,Completed
Oleg Shevchenko,LIC-1003,Orthodontist,103,Patient_409,INS-36683,+380505250804,2026-04-17 14:12,Cancelled
Anna Petrenko,LIC-1002,Therapist,102,Patient_410,INS-86700,+380504235789,2026-05-01 14:12,Cancelled
Ivan Ivanov,LIC-1001,Surgeon,101,Patient_411,INS-18976,+380509867323,2026-05-13 14:12,Cancelled
Oleg Shevchenko,LIC-1003,Orthodontist,103,Patient_412,INS-68188,+380508510555,2026-05-05 14:12,Completed
Oleg Shevchenko,LIC-1003,Orthodontist,103,Patient_413,INS-17283,+380505453209,2026-05-12 14:12,Scheduled
Ivan Ivanov,LIC-1001,Surgeon,101,Patient_414,INS-28575,+380502013636,2026-05-04 14:12,Cancelled
Anna Petrenko,LIC-1002,Therapist,102,Patient_415,INS-47306,+380502424071,2026-05-24 14:12,Completed
Ivan Ivanov,LIC-1001,Surgeon,101,Patient_416,INS-16386,+380504645076,2026-04-30 14:12,Scheduled
Oleg Shevchenko,LIC-1003,Orthodontist,103,Patient_417,INS-48464,+380508728905,2026-04-06 14:12,Cancelled
Oleg Shevchenko,LIC-1003,Orthodontist,103,Patient_418,INS-25761,+380509554681,2026-04-18 14:12,Scheduled
Ivan Ivanov,LIC-1001,Surgeon,101,Patient_419,INS-15713,+380509236738,2026-04-23 14:12,Cancelled
Oleg Shevchenko,LIC-1003,Orthodontist,103,Patient_420,INS-91343,+380507833202,2026-05-24 14:12,Cancelled
Ivan Ivanov,LIC-1001,Surgeon,101,Patient_421,INS-71633,+380501398531,2026-05-18 14:12,Completed
Anna Petrenko,LIC-1002,Therapist,102,Patient_422,INS-91616,+380508912207,2026-05-17 14:12,Cancelled
Anna Petrenko,LIC-1002,Therapist,102,Patient_423,INS-70347,+380503256181,2026-04-14 14:12,Scheduled
Ivan Ivanov,LIC-1001,Surgeon,101,Patient_424,INS-84097,+380505685702,2026-04-27 14:12,Scheduled
Oleg Shevchenko,LIC-1003,Orthodontist,103,Patient_425,INS-11516,+380506765554,2026-04-11 14:12,Cancelled
Ivan Ivanov,LIC-1001,Surgeon,101,Patient_426,INS-95870,+380502612354,2026-05-18 14:12,Scheduled
Oleg Shevchenko,LIC-1003,Orthodontist,103,Patient_427,INS-22151,+380507171584,2026-04-06 14:12,Scheduled
Oleg Shevchenko,LIC-1003,Orthodontist,103,Patient_428,INS-68159,+380503786903,2026-04-17 14:12,Completed
Oleg Shevchenko,LIC-1003,Orthodontist,103,Patient_429,INS-23018,+380504312304,2026-03-29 14:12,Cancelled
Ivan Ivanov,LIC-1001,Surgeon,101,Patient_430,INS-48338,+380506487477,2026-04-09 14:12,Cancelled
Ivan Ivanov,LIC-1001,Surgeon,101,Patient_431,INS-67361,+380504186185,2026-05-15 14:12,Cancelled
Oleg Shevchenko,LIC-1003,Orthodontist,103,Patient_432,INS-62411,+380501013121,2026-04-11 14:12,Cancelled
Ivan Ivanov,LIC-1001,Surgeon,101,Patient_433,INS-11662,+380503439701,2026-04-02 14:12,Scheduled
Oleg Shevchenko,LIC-1003,Orthodontist,103,Patient_434,INS-27671,+380506098652,2026-05-13 14:12,Cancelled
Ivan Ivanov,LIC-1001,Surgeon,101,Patient_435,INS-17766,+380508122952,2026-05-04 14:12,Scheduled
Oleg Shevchenko,LIC-1003,Orthodontist,103,Patient_436,INS-11093,+380508510339,2026-04-03 14:12,Cancelled
Anna Petrenko,LIC-1002,Therapist,102,Patient_437,INS-37817,+380502406955,2026-05-21 14:12,Cancelled
Oleg Shevchenko,LIC-1003,Orthodontist,103,Patient_438,INS-80530,+380505541639,2026-04-21 14:12,Completed
Ivan Ivanov,LIC-1001,Surgeon,101,Patient_439,INS-99020,+380502433855,2026-05-07 14:12,Scheduled
Anna Petrenko,LIC-1002,Therapist,102,Patient_440,INS-25189,+380502661190,2026-04-12 14:12,Completed
Anna Petrenko,LIC-1002,Therapist,102,Patient_441,INS-24514,+380507532064,2026-04-02 14:12,Completed
Oleg Shevchenko,LIC-1003,Orthodontist,103,Patient_442,INS-95126,+380501540536,2026-04-26 14:12,Scheduled
Oleg Shevchenko,LIC-1003,Orthodontist,103,Patient_443,INS-12557,+380501589492,2026-05-26 14:12,Completed
Oleg Shevchenko,LIC-1003,Orthodontist,103,Patient_444,INS-29423,+380506093581,2026-05-16 14:12,Scheduled
Anna Petrenko,LIC-1002,Therapist,102,Patient_445,INS-91114,+380503551228,2026-04-07 14:12,Scheduled
Oleg Shevchenko,LIC-1003,Orthodontist,103,Patient_446,INS-82021,+380501011203,2026-03-29 14:12,Cancelled
Anna Petrenko,LIC-1002,Therapist,102,Patient_447,INS-39291,+380506459551,2026-04-21 14:12,Cancelled
Ivan Ivanov,LIC-1001,Surgeon,101,Patient_448,INS-49847,+380506400862,2026-05-12 14:12,Cancelled
Oleg Shevchenko,LIC-1003,Orthodontist,103,Patient_449,INS-43326,+380507415571,2026-04-07 14:12,Cancelled
Oleg Shevchenko,LIC-1003,Orthodontist,103,Patient_450,INS-11055,+380503774047,2026-05-26 14:12,Completed
Ivan Ivanov,LIC-1001,Surgeon,101,Patient_451,INS-28507,+380505155202,2026-04-19 14:12,Completed
Ivan Ivanov,LIC-1001,Surgeon,101,Patient_452,INS-72885,+380506802856,2026-05-20 14:12,Cancelled
Ivan Ivanov,LIC-1001,Surgeon,101,Patient_453,INS-90903,+380503634581,2026-05-16 14:12,Completed
Oleg Shevchenko,LIC-1003,Orthodontist,103,Patient_454,INS-90832,+380509117337,2026-04-20 14:12,Completed
Ivan Ivanov,LIC-1001,Surgeon,101,Patient_455,INS-93060,+380502709811,2026-05-08 14:12,Completed
Anna Petrenko,LIC-1002,Therapist,102,Patient_456,INS-33213,+380508906644,2026-05-18 14:12,Scheduled
Oleg Shevchenko,LIC-1003,Orthodontist,103,Patient_457,INS-47372,+380507828460,2026-04-30 14:12,Scheduled
Ivan Ivanov,LIC-1001,Surgeon,101,Patient_458,INS-83180,+380501496714,2026-05-06 14:12,Completed
Oleg Shevchenko,LIC-1003,Orthodontist,103,Patient_459,INS-93003,+380503966392,2026-04-05 14:12,Cancelled
Ivan Ivanov,LIC-1001,Surgeon,101,Patient_460,INS-15317,+380501211491,2026-04-29 14:12,Scheduled
Anna Petrenko,LIC-1002,Therapist,102,Patient_461,INS-31118,+380505821438,2026-04-18 14:12,Completed
Ivan Ivanov,LIC-1001,Surgeon,101,Patient_462,INS-20692,+380508986674,2026-05-11 14:12,Cancelled
Ivan Ivanov,LIC-1001,Surgeon,101,Patient_463,INS-18644,+380506003061,2026-04-16 14:12,Cancelled
Ivan Ivanov,LIC-1001,Surgeon,101,Patient_464,INS-70285,+380505101411,2026-05-15 14:12,Cancelled
Oleg Shevchenko,LIC-1003,Orthodontist,103,Patient_465,INS-69259,+380508509077,2026-04-21 14:12,Scheduled
Ivan Ivanov,LIC-1001,Surgeon,101,Patient_466,INS-92513,+380505927232,2026-04-12 14:12,Scheduled
Oleg Shevchenko,LIC-1003,Orthodontist,103,Patient_467,INS-34917,+380509268354,2026-04-11 14:12,Scheduled
Ivan Ivanov,LIC-1001,Surgeon,101,Patient_468,INS-74926,+380501133716,2026-05-12 14:12,Completed
Anna Petrenko,LIC-1002,Therapist,102,Patient_469,INS-42030,+380506879219,2026-05-09 14:12,Scheduled
Oleg Shevchenko,LIC-1003,Orthodontist,103,Patient_470,INS-18543,+380502839312,2026-04-03 14:12,Scheduled
Ivan Ivanov,LIC-1001,Surgeon,101,Patient_471,INS-51361,+380502081415,2026-04-17 14:12,Completed
Ivan Ivanov,LIC-1001,Surgeon,101,Patient_472,INS-30465,+380508926281,2026-04-05 14:12,Completed
Ivan Ivanov,LIC-1001,Surgeon,101,Patient_473,INS-84848,+380501153096,2026-05-22 14:12,Completed
Oleg Shevchenko,LIC-1003,Orthodontist,103,Patient_474,INS-47418,+380507675141,2026-04-25 14:12,Cancelled
Anna Petrenko,LIC-1002,Therapist,102,Patient_475,INS-90857,+380508692622,2026-05-22 14:12,Cancelled
Anna Petrenko,LIC-1002,Therapist,102,Patient_476,INS-92934,+380502817498,2026-05-19 14:12,Completed
Anna Petrenko,LIC-1002,Therapist,102,Patient_477,INS-77919,+380501810358,2026-04-10 14:12,Completed
Oleg Shevchenko,LIC-1003,Orthodontist,103,Patient_478,INS-32799,+380507299044,2026-04-24 14:12,Scheduled
Oleg Shevchenko,LIC-1003,Orthodontist,103,Patient_479,INS-24006,+380507120188,2026-04-20 14:12,Completed
Anna Petrenko,LIC-1002,Therapist,102,Patient_480,INS-46311,+380508847747,2026-05-05 14:12,Scheduled
Oleg Shevchenko,LIC-1003,Orthodontist,103,Patient_481,INS-90870,+380504629202,2026-05-05 14:12,Completed
Anna Petrenko,LIC-1002,Therapist,102,Patient_482,INS-74921,+380501850591,2026-03-29 14:12,Scheduled
Ivan Ivanov,LIC-1001,Surgeon,101,Patient_483,INS-56086,+380509138577,2026-05-21 14:12,Completed
Oleg Shevchenko,LIC-1003,Orthodontist,103,Patient_484,INS-97498,+380502621200,2026-05-18 14:12,Completed
Anna Petrenko,LIC-1002,Therapist,102,Patient_485,INS-85924,+380503428692,2026-04-13 14:12,Cancelled
Oleg Shevchenko,LIC-1003,Orthodontist,103,Patient_486,INS-67478,+380505109660,2026-04-29 14:12,Completed
Anna Petrenko,LIC-1002,Therapist,102,Patient_487,INS-76246,+380503359042,2026-03-31 14:12,Cancelled
Oleg Shevchenko,LIC-1003,Orthodontist,103,Patient_488,INS-36594,+380507479034,2026-04-14 14:12,Scheduled
Anna Petrenko,LIC-1002,Therapist,102,Patient_489,INS-83090,+380506164398,2026-04-27 14:12,Scheduled
Ivan Ivanov,LIC-1001,Surgeon,101,Patient_490,INS-26925,+380502195036,2026-04-12 14:12,Scheduled
Oleg Shevchenko,LIC-1003,Orthodontist,103,Patient_491,INS-32758,+380501254851,2026-05-14 14:12,Scheduled
Oleg Shevchenko,LIC-1003,Orthodontist,103,Patient_492,INS-22457,+380504635301,2026-04-27 14:12,Completed
Ivan Ivanov,LIC-1001,Surgeon,101,Patient_493,INS-39845,+380508663616,2026-03-28 14:12,Cancelled
Oleg Shevchenko,LIC-1003,Orthodontist,103,Patient_494,INS-31618,+380503332158,2026-05-13 14:12,Completed
Anna Petrenko,LIC-1002,Therapist,102,Patient_495,INS-78793,+380502255776,2026-05-21 14:12,Scheduled
Oleg Shevchenko,LIC-1003,Orthodontist,103,Patient_496,INS-62506,+380506991974,2026-04-04 14:12,Scheduled
Ivan Ivanov,LIC-1001,Surgeon,101,Patient_497,INS-37462,+380504722856,2026-05-04 14:12,Scheduled
Ivan Ivanov,LIC-1001,Surgeon,101,Patient_498,INS-83065,+380507355593,2026-05-23 14:12,Scheduled
Oleg Shevchenko,LIC-1003,Orthodontist,103,Patient_499,INS-17502,+380501554936,2026-04-30 14:12,Cancelled
Anna Petrenko,LIC-1002,Therapist,102,Patient_500,INS-90214,+380506499427,2026-04-26 14:12,Completed
Oleg Shevchenko,LIC-1003,Orthodontist,103,Patient_501,INS-38995,+380508179026,2026-05-08 14:12,Cancelled
Oleg Shevchenko,LIC-1003,Orthodontist,103,Patient_502,INS-16473,+380502983710,2026-05-26 14:12,Scheduled
Oleg Shevchenko,LIC-1003,Orthodontist,103,Patient_503,INS-96664,+380505169557,2026-05-16 14:12,Completed
Anna Petrenko,LIC-1002,Therapist,102,Patient_504,INS-89322,+380508223314,2026-05-12 14:12,Scheduled
Anna Petrenko,LIC-1002,Therapist,102,Patient_505,INS-46950,+380509646465,2026-05-05 14:12,Cancelled
Ivan Ivanov,LIC-1001,Surgeon,101,Patient_506,INS-93175,+380502336777,2026-04-20 14:12,Scheduled
Ivan Ivanov,LIC-1001,Surgeon,101,Patient_507,INS-86184,+380502326378,2026-04-22 14:12,Scheduled
Ivan Ivanov,LIC-1001,Surgeon,101,Patient_508,INS-49220,+380501108079,2026-05-07 14:12,Completed
Ivan Ivanov,LIC-1001,Surgeon,101,Patient_509,INS-68359,+380504464002,2026-04-14 14:12,Cancelled
Oleg Shevchenko,LIC-1003,Orthodontist,103,Patient_510,INS-62423,+380502663111,2026-04-04 14:12,Completed
Anna Petrenko,LIC-1002,Therapist,102,Patient_511,INS-63708,+380505283005,2026-05-12 14:12,Scheduled
Anna Petrenko,LIC-1002,Therapist,102,Patient_512,INS-37470,+380508021906,2026-04-20 14:12,Cancelled
Anna Petrenko,LIC-1002,Therapist,102,Patient_513,INS-27721,+380508489137,2026-04-07 14:12,Completed
Ivan Ivanov,LIC-1001,Surgeon,101,Patient_514,INS-26964,+380507794883,2026-05-24 14:12,Completed
Oleg Shevchenko,LIC-1003,Orthodontist,103,Patient_515,INS-68832,+380508121402,2026-04-24 14:12,Cancelled
Anna Petrenko,LIC-1002,Therapist,102,Patient_516,INS-66028,+380501547858,2026-03-30 14:12,Cancelled
Anna Petrenko,LIC-1002,Therapist,102,Patient_517,INS-32297,+380502767072,2026-04-03 14:12,Scheduled
Anna Petrenko,LIC-1002,Therapist,102,Patient_518,INS-25348,+380508811302,2026-05-07 14:12,Scheduled
Oleg Shevchenko,LIC-1003,Orthodontist,103,Patient_519,INS-94257,+380503360094,2026-04-14 14:12,Cancelled
Oleg Shevchenko,LIC-1003,Orthodontist,103,Patient_520,INS-82765,+380502239276,2026-03-31 14:12,Completed
Anna Petrenko,LIC-1002,Therapist,102,Patient_521,INS-15254,+380508384633,2026-05-13 14:12,Scheduled
Oleg Shevchenko,LIC-1003,Orthodontist,103,Patient_522,INS-43647,+380501835459,2026-04-04 14:12,Cancelled
Ivan Ivanov,LIC-1001,Surgeon,101,Patient_523,INS-74720,+380507261920,2026-03-31 14:12,Cancelled
Anna Petrenko,LIC-1002,Therapist,102,Patient_524,INS-40306,+380504165331,2026-04-25 14:12,Cancelled
Anna Petrenko,LIC-1002,Therapist,102,Patient_525,INS-75016,+380505249456,2026-05-01 14:12,Completed
Ivan Ivanov,LIC-1001,Surgeon,101,Patient_526,INS-75181,+380503036697,2026-04-06 14:12,Completed
Oleg Shevchenko,LIC-1003,Orthodontist,103,Patient_527,INS-81615,+380501271708,2026-03-28 14:12,Cancelled
Oleg Shevchenko,LIC-1003,Orthodontist,103,Patient_528,INS-37848,+380509213817,2026-05-25 14:12,Completed
Anna Petrenko,LIC-1002,Therapist,102,Patient_529,INS-84211,+380502623282,2026-05-23 14:12,Cancelled
Oleg Shevchenko,LIC-1003,Orthodontist,103,Patient_530,INS-42143,+380502924363,2026-04-01 14:12,Scheduled
Ivan Ivanov,LIC-1001,Surgeon,101,Patient_531,INS-91946,+380503792513,2026-05-06 14:12,Cancelled
Oleg Shevchenko,LIC-1003,Orthodontist,103,Patient_532,INS-97499,+380502119913,2026-04-09 14:12,Completed
Ivan Ivanov,LIC-1001,Surgeon,101,Patient_533,INS-62793,+380508510634,2026-04-11 14:12,Scheduled
Oleg Shevchenko,LIC-1003,Orthodontist,103,Patient_534,INS-35316,+380502768227,2026-04-30 14:12,Completed
Anna Petrenko,LIC-1002,Therapist,102,Patient_535,INS-80531,+380502004290,2026-04-04 14:12,Scheduled
Anna Petrenko,LIC-1002,Therapist,102,Patient_536,INS-30168,+380506830431,2026-04-25 14:12,Completed
Anna Petrenko,LIC-1002,Therapist,102,Patient_537,INS-61471,+380506472640,2026-03-30 14:12,Scheduled
Ivan Ivanov,LIC-1001,Surgeon,101,Patient_538,INS-60342,+380508920900,2026-05-23 14:12,Cancelled
Ivan Ivanov,LIC-1001,Surgeon,101,Patient_539,INS-91766,+380504341768,2026-04-08 14:12,Completed
Oleg Shevchenko,LIC-1003,Orthodontist,103,Patient_540,INS-81725,+380509258106,2026-04-06 14:12,Scheduled
Ivan Ivanov,LIC-1001,Surgeon,101,Patient_541,INS-41710,+380508246047,2026-05-19 14:12,Cancelled
Anna Petrenko,LIC-1002,Therapist,102,Patient_542,INS-31294,+380509972408,2026-05-12 14:12,Scheduled
Oleg Shevchenko,LIC-1003,Orthodontist,103,Patient_543,INS-47886,+380502567213,2026-04-18 14:12,Cancelled
Ivan Ivanov,LIC-1001,Surgeon,101,Patient_544,INS-57640,+380503780602,2026-05-05 14:12,Completed
Ivan Ivanov,LIC-1001,Surgeon,101,Patient_545,INS-13113,+380501018172,2026-04-25 14:12,Scheduled
Oleg Shevchenko,LIC-1003,Orthodontist,103,Patient_546,INS-94150,+380503345379,2026-05-02 14:12,Scheduled
Anna Petrenko,LIC-1002,Therapist,102,Patient_547,INS-85217,+380506835832,2026-04-09 14:12,Scheduled
Oleg Shevchenko,LIC-1003,Orthodontist,103,Patient_548,INS-55083,+380506908101,2026-04-19 14:12,Cancelled
Oleg Shevchenko,LIC-1003,Orthodontist,103,Patient_549,INS-30740,+380507617358,2026-04-15 14:12,Cancelled
Anna Petrenko,LIC-1002,Therapist,102,Patient_550,INS-45632,+380508277013,2026-05-03 14:12,Completed
Oleg Shevchenko,LIC-1003,Orthodontist,103,Patient_551,INS-47232,+380504269529,2026-05-07 14:12,Scheduled
Ivan Ivanov,LIC-1001,Surgeon,101,Patient_552,INS-39216,+380507697103,2026-04-19 14:12,Cancelled
Oleg Shevchenko,LIC-1003,Orthodontist,103,Patient_553,INS-37717,+380507872830,2026-04-23 14:12,Scheduled
Ivan Ivanov,LIC-1001,Surgeon,101,Patient_554,INS-16668,+380508362601,2026-04-02 14:12,Scheduled
Oleg Shevchenko,LIC-1003,Orthodontist,103,Patient_555,INS-19046,+380505457048,2026-05-04 14:12,Scheduled
Oleg Shevchenko,LIC-1003,Orthodontist,103,Patient_556,INS-51622,+380502408916,2026-05-10 14:12,Completed
Oleg Shevchenko,LIC-1003,Orthodontist,103,Patient_557,INS-64722,+380507671342,2026-04-17 14:12,Scheduled
Anna Petrenko,LIC-1002,Therapist,102,Patient_558,INS-41331,+380502735507,2026-04-24 14:12,Completed
Ivan Ivanov,LIC-1001,Surgeon,101,Patient_559,INS-33813,+380509218030,2026-05-10 14:12,Scheduled
Anna Petrenko,LIC-1002,Therapist,102,Patient_560,INS-67946,+380501999809,2026-05-22 14:12,Completed
Oleg Shevchenko,LIC-1003,Orthodontist,103,Patient_561,INS-58108,+380506182482,2026-05-05 14:12,Scheduled
Ivan Ivanov,LIC-1001,Surgeon,101,Patient_562,INS-17593,+380502651314,2026-05-17 14:12,Completed
Ivan Ivanov,LIC-1001,Surgeon,101,Patient_563,INS-19539,+380504885240,2026-03-31 14:12,Completed
Ivan Ivanov,LIC-1001,Surgeon,101,Patient_564,INS-89606,+380509532195,2026-03-28 14:12,Cancelled
Ivan Ivanov,LIC-1001,Surgeon,101,Patient_565,INS-49784,+380506586579,2026-04-20 14:12,Completed
Ivan Ivanov,LIC-1001,Surgeon,101,Patient_566,INS-22767,+380509122646,2026-04-08 14:12,Completed
Anna Petrenko,LIC-1002,Therapist,102,Patient_567,INS-29209,+380505106182,2026-04-21 14:12,Scheduled
Oleg Shevchenko,LIC-1003,Orthodontist,103,Patient_568,INS-53757,+380501774482,2026-04-22 14:12,Completed
Ivan Ivanov,LIC-1001,Surgeon,101,Patient_569,INS-37816,+380501993867,2026-05-09 14:12,Completed
Ivan Ivanov,LIC-1001,Surgeon,101,Patient_570,INS-66449,+380507314135,2026-04-05 14:12,Cancelled
Anna Petrenko,LIC-1002,Therapist,102,Patient_571,INS-33055,+380506322610,2026-05-10 14:12,Cancelled
Anna Petrenko,LIC-1002,Therapist,102,Patient_572,INS-27214,+380504221463,2026-04-24 14:12,Completed
Anna Petrenko,LIC-1002,Therapist,102,Patient_573,INS-63695,+380501355668,2026-05-06 14:12,Scheduled
Oleg Shevchenko,LIC-1003,Orthodontist,103,Patient_574,INS-66543,+380509507073,2026-05-08 14:12,Completed
Anna Petrenko,LIC-1002,Therapist,102,Patient_575,INS-80022,+380505445810,2026-04-12 14:12,Scheduled
Oleg Shevchenko,LIC-1003,Orthodontist,103,Patient_576,INS-75790,+380506101680,2026-04-23 14:12,Cancelled
Ivan Ivanov,LIC-1001,Surgeon,101,Patient_577,INS-86593,+380502123583,2026-05-26 14:12,Scheduled
Anna Petrenko,LIC-1002,Therapist,102,Patient_578,INS-10050,+380508852672,2026-04-29 14:12,Scheduled
Ivan Ivanov,LIC-1001,Surgeon,101,Patient_579,INS-87007,+380501235091,2026-03-29 14:12,Scheduled
Ivan Ivanov,LIC-1001,Surgeon,101,Patient_580,INS-30514,+380509936851,2026-04-14 14:12,Scheduled
Oleg Shevchenko,LIC-1003,Orthodontist,103,Patient_581,INS-89055,+380507651473,2026-05-15 14:12,Cancelled
Anna Petrenko,LIC-1002,Therapist,102,Patient_582,INS-38906,+380508874908,2026-05-18 14:12,Scheduled
Oleg Shevchenko,LIC-1003,Orthodontist,103,Patient_583,INS-15910,+380503536589,2026-04-08 14:12,Completed
Anna Petrenko,LIC-1002,Therapist,102,Patient_584,INS-29880,+380501050091,2026-05-25 14:12,Completed
Ivan Ivanov,LIC-1001,Surgeon,101,Patient_585,INS-45100,+380502565600,2026-05-22 14:12,Scheduled
Ivan Ivanov,LIC-1001,Surgeon,101,Patient_586,INS-60975,+380503752651,2026-03-30 14:12,Cancelled
Oleg Shevchenko,LIC-1003,Orthodontist,103,Patient_587,INS-49736,+380502149997,2026-04-10 14:12,Cancelled
Ivan Ivanov,LIC-1001,Surgeon,101,Patient_588,INS-39313,+380501226302,2026-03-31 14:12,Scheduled
Anna Petrenko,LIC-1002,Therapist,102,Patient_589,INS-69281,+380509315328,2026-04-09 14:12,Cancelled
Ivan Ivanov,LIC-1001,Surgeon,101,Patient_590,INS-93364,+380502608044,2026-04-23 14:12,Cancelled
Anna Petrenko,LIC-1002,Therapist,102,Patient_591,INS-27040,+380507294120,2026-04-08 14:12,Completed
Anna Petrenko,LIC-1002,Therapist,102,Patient_592,INS-63248,+380501688196,2026-04-04 14:12,Cancelled
Ivan Ivanov,LIC-1001,Surgeon,101,Patient_593,INS-97594,+380504747271,2026-05-21 14:12,Completed
Anna Petrenko,LIC-1002,Therapist,102,Patient_594,INS-62303,+380509628383,2026-03-28 14:12,Scheduled
Anna Petrenko,LIC-1002,Therapist,102,Patient_595,INS-21072,+380505808443,2026-05-02 14:12,Cancelled
Anna Petrenko,LIC-1002,Therapist,102,Patient_596,INS-32198,+380507655416,2026-04-22 14:12,Scheduled
Ivan Ivanov,LIC-1001,Surgeon,101,Patient_597,INS-65492,+380505286358,2026-04-06 14:12,Cancelled
Anna Petrenko,LIC-1002,Therapist,102,Patient_598,INS-30754,+380508341574,2026-03-30 14:12,Cancelled
Ivan Ivanov,LIC-1001,Surgeon,101,Patient_599,INS-22952,+380507453970,2026-05-10 14:12,Cancelled
Ivan Ivanov,LIC-1001,Surgeon,101,Patient_600,INS-26128,+380503952539,2026-05-08 14:12,Cancelled
Oleg Shevchenko,LIC-1003,Orthodontist,103,Patient_601,INS-34280,+380501673036,2026-05-15 14:12,Completed
Oleg Shevchenko,LIC-1003,Orthodontist,103,Patient_602,INS-93219,+380502120010,2026-04-22 14:12,Cancelled
Ivan Ivanov,LIC-1001,Surgeon,101,Patient_603,INS-91055,+380506797356,2026-03-29 14:12,Cancelled
Oleg Shevchenko,LIC-1003,Orthodontist,103,Patient_604,INS-12776,+380506153731,2026-04-26 14:12,Scheduled
Anna Petrenko,LIC-1002,Therapist,102,Patient_605,INS-98485,+380504090597,2026-04-11 14:12,Scheduled
Ivan Ivanov,LIC-1001,Surgeon,101,Patient_606,INS-98947,+380503354063,2026-05-18 14:12,Cancelled
Ivan Ivanov,LIC-1001,Surgeon,101,Patient_607,INS-18813,+380502090575,2026-04-08 14:12,Scheduled
Ivan Ivanov,LIC-1001,Surgeon,101,Patient_608,INS-83612,+380503475337,2026-04-17 14:12,Scheduled
Oleg Shevchenko,LIC-1003,Orthodontist,103,Patient_609,INS-75019,+380501121165,2026-05-24 14:12,Scheduled
Oleg Shevchenko,LIC-1003,Orthodontist,103,Patient_610,INS-10945,+380504184944,2026-05-16 14:12,Scheduled
Oleg Shevchenko,LIC-1003,Orthodontist,103,Patient_611,INS-57574,+380508595175,2026-03-28 14:12,Completed
Anna Petrenko,LIC-1002,Therapist,102,Patient_612,INS-14004,+380506455414,2026-05-02 14:12,Scheduled
Oleg Shevchenko,LIC-1003,Orthodontist,103,Patient_613,INS-25617,+380505689177,2026-04-01 14:12,Scheduled
Anna Petrenko,LIC-1002,Therapist,102,Patient_614,INS-68712,+380506850045,2026-04-11 14:12,Scheduled
Oleg Shevchenko,LIC-1003,Orthodontist,103,Patient_615,INS-55765,+380503367966,2026-05-16 14:12,Completed
Ivan Ivanov,LIC-1001,Surgeon,101,Patient_616,INS-30278,+380503132496,2026-05-24 14:12,Cancelled
Ivan Ivanov,LIC-1001,Surgeon,101,Patient_617,INS-75606,+380502473727,2026-04-27 14:12,Cancelled
Ivan Ivanov,LIC-1001,Surgeon,101,Patient_618,INS-64771,+380508977772,2026-04-19 14:12,Completed
Ivan Ivanov,LIC-1001,Surgeon,101,Patient_619,INS-92088,+380502174306,2026-04-12 14:12,Cancelled
Oleg Shevchenko,LIC-1003,Orthodontist,103,Patient_620,INS-92208,+380506135244,2026-05-19 14:12,Completed
Oleg Shevchenko,LIC-1003,Orthodontist,103,Patient_621,INS-55637,+380502016872,2026-04-25 14:12,Completed
Oleg Shevchenko,LIC-1003,Orthodontist,103,Patient_622,INS-80728,+380508342370,2026-05-03 14:12,Scheduled
Ivan Ivanov,LIC-1001,Surgeon,101,Patient_623,INS-32723,+380501246915,2026-04-26 14:12,Cancelled
Oleg Shevchenko,LIC-1003,Orthodontist,103,Patient_624,INS-62207,+380506303019,2026-04-18 14:12,Completed
Anna Petrenko,LIC-1002,Therapist,102,Patient_625,INS-22447,+380508198153,2026-05-22 14:12,Completed
Anna Petrenko,LIC-1002,Therapist,102,Patient_626,INS-52217,+380506147906,2026-04-27 14:12,Completed
Oleg Shevchenko,LIC-1003,Orthodontist,103,Patient_627,INS-11621,+380502523370,2026-05-04 14:12,Completed
Ivan Ivanov,LIC-1001,Surgeon,101,Patient_628,INS-64892,+380507634929,2026-04-01 14:12,Cancelled
Ivan Ivanov,LIC-1001,Surgeon,101,Patient_629,INS-79228,+380509318154,2026-04-03 14:12,Scheduled
Anna Petrenko,LIC-1002,Therapist,102,Patient_630,INS-35808,+380505054561,2026-04-03 14:12,Completed
Anna Petrenko,LIC-1002,Therapist,102,Patient_631,INS-97507,+380508817362,2026-03-31 14:12,Scheduled
Ivan Ivanov,LIC-1001,Surgeon,101,Patient_632,INS-74084,+380502072360,2026-05-12 14:12,Scheduled
Ivan Ivanov,LIC-1001,Surgeon,101,Patient_633,INS-38778,+380501840664,2026-05-18 14:12,Cancelled
Ivan Ivanov,LIC-1001,Surgeon,101,Patient_634,INS-24263,+380503331774,2026-04-04 14:12,Cancelled
Oleg Shevchenko,LIC-1003,Orthodontist,103,Patient_635,INS-83094,+380505705265,2026-05-26 14:12,Cancelled
Oleg Shevchenko,LIC-1003,Orthodontist,103,Patient_636,INS-67253,+380501617856,2026-05-21 14:12,Cancelled
Ivan Ivanov,LIC-1001,Surgeon,101,Patient_637,INS-88064,+380509237703,2026-03-31 14:12,Completed
Ivan Ivanov,LIC-1001,Surgeon,101,Patient_638,INS-29278,+380506086779,2026-04-11 14:12,Scheduled
Anna Petrenko,LIC-1002,Therapist,102,Patient_639,INS-33662,+380508684078,2026-05-06 14:12,Cancelled
Anna Petrenko,LIC-1002,Therapist,102,Patient_640,INS-38289,+380501778346,2026-04-02 14:12,Cancelled
Anna Petrenko,LIC-1002,Therapist,102,Patient_641,INS-93386,+380503428554,2026-05-05 14:12,Cancelled
Anna Petrenko,LIC-1002,Therapist,102,Patient_642,INS-78172,+380505820542,2026-04-05 14:12,Cancelled
Anna Petrenko,LIC-1002,Therapist,102,Patient_643,INS-14398,+380505937700,2026-04-03 14:12,Completed
Oleg Shevchenko,LIC-1003,Orthodontist,103,Patient_644,INS-72362,+380503788371,2026-04-02 14:12,Cancelled
Anna Petrenko,LIC-1002,Therapist,102,Patient_645,INS-59155,+380504937915,2026-04-27 14:12,Completed
Anna Petrenko,LIC-1002,Therapist,102,Patient_646,INS-80179,+380502675217,2026-04-13 14:12,Scheduled
Ivan Ivanov,LIC-1001,Surgeon,101,Patient_647,INS-74151,+380506895199,2026-04-10 14:12,Scheduled
Oleg Shevchenko,LIC-1003,Orthodontist,103,Patient_648,INS-25943,+380509997874,2026-04-16 14:12,Scheduled
Anna Petrenko,LIC-1002,Therapist,102,Patient_649,INS-30922,+380509212641,2026-05-13 14:12,Scheduled
Ivan Ivanov,LIC-1001,Surgeon,101,Patient_650,INS-53297,+380501455081,2026-05-11 14:12,Scheduled
Anna Petrenko,LIC-1002,Therapist,102,Patient_651,INS-59583,+380509378337,2026-05-17 14:12,Scheduled
Anna Petrenko,LIC-1002,Therapist,102,Patient_652,INS-55074,+380507595882,2026-04-04 14:12,Cancelled
Anna Petrenko,LIC-1002,Therapist,102,Patient_653,INS-49341,+380509564987,2026-05-15 14:12,Cancelled
Anna Petrenko,LIC-1002,Therapist,102,Patient_654,INS-71543,+380507062118,2026-04-25 14:12,Completed
Anna Petrenko,LIC-1002,Therapist,102,Patient_655,INS-16831,+380503588314,2026-05-21 14:12,Cancelled
Ivan Ivanov,LIC-1001,Surgeon,101,Patient_656,INS-44298,+380501607672,2026-04-14 14:12,Cancelled
Anna Petrenko,LIC-1002,Therapist,102,Patient_657,INS-99463,+380502312035,2026-05-07 14:12,Scheduled
Ivan Ivanov,LIC-1001,Surgeon,101,Patient_658,INS-80237,+380508452059,2026-04-11 14:12,Cancelled
Anna Petrenko,LIC-1002,Therapist,102,Patient_659,INS-11552,+380502605818,2026-05-08 14:12,Scheduled
Anna Petrenko,LIC-1002,Therapist,102,Patient_660,INS-21800,+380505909988,2026-05-19 14:12,Cancelled
Ivan Ivanov,LIC-1001,Surgeon,101,Patient_661,INS-20414,+380503874211,2026-04-28 14:12,Cancelled
Oleg Shevchenko,LIC-1003,Orthodontist,103,Patient_662,INS-52931,+380501165761,2026-05-09 14:12,Cancelled
Anna Petrenko,LIC-1002,Therapist,102,Patient_663,INS-46504,+380505133750,2026-05-24 14:12,Scheduled
Ivan Ivanov,LIC-1001,Surgeon,101,Patient_664,INS-68049,+380504496964,2026-04-29 14:12,Cancelled
Ivan Ivanov,LIC-1001,Surgeon,101,Patient_665,INS-62570,+380502481462,2026-04-05 14:12,Completed
Ivan Ivanov,LIC-1001,Surgeon,101,Patient_666,INS-71538,+380501755413,2026-04-21 14:12,Completed
Anna Petrenko,LIC-1002,Therapist,102,Patient_667,INS-12830,+380504119775,2026-05-11 14:12,Cancelled
Ivan Ivanov,LIC-1001,Surgeon,101,Patient_668,INS-87440,+380501375666,2026-04-21 14:12,Completed
Anna Petrenko,LIC-1002,Therapist,102,Patient_669,INS-11913,+380505282206,2026-04-10 14:12,Scheduled
Anna Petrenko,LIC-1002,Therapist,102,Patient_670,INS-46485,+380503909318,2026-05-08 14:12,Scheduled
Anna Petrenko,LIC-1002,Therapist,102,Patient_671,INS-50216,+380508449702,2026-05-09 14:12,Cancelled
Anna Petrenko,LIC-1002,Therapist,102,Patient_672,INS-38330,+380509905875,2026-05-09 14:12,Scheduled
Ivan Ivanov,LIC-1001,Surgeon,101,Patient_673,INS-11352,+380509087457,2026-05-09 14:12,Completed
Ivan Ivanov,LIC-1001,Surgeon,101,Patient_674,INS-91135,+380503801321,2026-05-21 14:12,Scheduled
Ivan Ivanov,LIC-1001,Surgeon,101,Patient_675,INS-27697,+380508205739,2026-04-28 14:12,Scheduled
Anna Petrenko,LIC-1002,Therapist,102,Patient_676,INS-26796,+380508301724,2026-05-12 14:12,Completed
Anna Petrenko,LIC-1002,Therapist,102,Patient_677,INS-88091,+380503057128,2026-05-20 14:12,Scheduled
Oleg Shevchenko,LIC-1003,Orthodontist,103,Patient_678,INS-58864,+380501897309,2026-05-21 14:12,Scheduled
Oleg Shevchenko,LIC-1003,Orthodontist,103,Patient_679,INS-28288,+380508863201,2026-05-15 14:12,Completed
Oleg Shevchenko,LIC-1003,Orthodontist,103,Patient_680,INS-71647,+380502892170,2026-04-01 14:12,Completed
Oleg Shevchenko,LIC-1003,Orthodontist,103,Patient_681,INS-35446,+380506765690,2026-05-03 14:12,Completed
Oleg Shevchenko,LIC-1003,Orthodontist,103,Patient_682,INS-81236,+380503970675,2026-05-15 14:12,Cancelled
Ivan Ivanov,LIC-1001,Surgeon,101,Patient_683,INS-61672,+380509365577,2026-04-04 14:12,Scheduled
Oleg Shevchenko,LIC-1003,Orthodontist,103,Patient_684,INS-22968,+380509163389,2026-03-31 14:12,Cancelled
Oleg Shevchenko,LIC-1003,Orthodontist,103,Patient_685,INS-34043,+380503232042,2026-04-25 14:12,Scheduled
Ivan Ivanov,LIC-1001,Surgeon,101,Patient_686,INS-67291,+380508519715,2026-04-18 14:12,Completed
Oleg Shevchenko,LIC-1003,Orthodontist,103,Patient_687,INS-47292,+380507129220,2026-04-19 14:12,Completed
Ivan Ivanov,LIC-1001,Surgeon,101,Patient_688,INS-91416,+380502951004,2026-05-08 14:12,Scheduled
Anna Petrenko,LIC-1002,Therapist,102,Patient_689,INS-34398,+380501579610,2026-04-22 14:12,Scheduled
Oleg Shevchenko,LIC-1003,Orthodontist,103,Patient_690,INS-73354,+380509121953,2026-04-13 14:12,Completed
Anna Petrenko,LIC-1002,Therapist,102,Patient_691,INS-26195,+380506034745,2026-04-06 14:12,Completed
Oleg Shevchenko,LIC-1003,Orthodontist,103,Patient_692,INS-54871,+380507371703,2026-03-29 14:12,Scheduled
Anna Petrenko,LIC-1002,Therapist,102,Patient_693,INS-38991,+380504231091,2026-05-06 14:12,Scheduled
Anna Petrenko,LIC-1002,Therapist,102,Patient_694,INS-89776,+380508087939,2026-04-28 14:12,Cancelled
Oleg Shevchenko,LIC-1003,Orthodontist,103,Patient_695,INS-39862,+380508640279,2026-04-02 14:12,Scheduled
Anna Petrenko,LIC-1002,Therapist,102,Patient_696,INS-66299,+380502809791,2026-04-24 14:12,Completed
Oleg Shevchenko,LIC-1003,Orthodontist,103,Patient_697,INS-26328,+380505320876,2026-04-15 14:12,Cancelled
Anna Petrenko,LIC-1002,Therapist,102,Patient_698,INS-33948,+380507299138,2026-05-26 14:12,Completed
Ivan Ivanov,LIC-1001,Surgeon,101,Patient_699,INS-87457,+380507800137,2026-05-02 14:12,Cancelled
Ivan Ivanov,LIC-1001,Surgeon,101,Patient_700,INS-69337,+380501420091,2026-04-05 14:12,Completed
Ivan Ivanov,LIC-1001,Surgeon,101,Patient_701,INS-20539,+380508349435,2026-04-23 14:12,Completed
Anna Petrenko,LIC-1002,Therapist,102,Patient_702,INS-85173,+380502347998,2026-05-20 14:12,Scheduled
Ivan Ivanov,LIC-1001,Surgeon,101,Patient_703,INS-68241,+380505396764,2026-04-15 14:12,Cancelled
Ivan Ivanov,LIC-1001,Surgeon,101,Patient_704,INS-92362,+380505358462,2026-04-02 14:12,Completed
Ivan Ivanov,LIC-1001,Surgeon,101,Patient_705,INS-82265,+380502254200,2026-04-28 14:12,Cancelled
Ivan Ivanov,LIC-1001,Surgeon,101,Patient_706,INS-11967,+380506672219,2026-04-02 14:12,Scheduled
Oleg Shevchenko,LIC-1003,Orthodontist,103,Patient_707,INS-34435,+380501544393,2026-04-14 14:12,Completed
Oleg Shevchenko,LIC-1003,Orthodontist,103,Patient_708,INS-55553,+380507425667,2026-05-17 14:12,Completed
Oleg Shevchenko,LIC-1003,Orthodontist,103,Patient_709,INS-91475,+380505596355,2026-05-25 14:12,Cancelled
Ivan Ivanov,LIC-1001,Surgeon,101,Patient_710,INS-18431,+380509855505,2026-04-12 14:12,Scheduled
Oleg Shevchenko,LIC-1003,Orthodontist,103,Patient_711,INS-69880,+380508365798,2026-05-13 14:12,Completed
Ivan Ivanov,LIC-1001,Surgeon,101,Patient_712,INS-80732,+380507034857,2026-05-19 14:12,Completed
Ivan Ivanov,LIC-1001,Surgeon,101,Patient_713,INS-48549,+380503848237,2026-05-08 14:12,Scheduled
Ivan Ivanov,LIC-1001,Surgeon,101,Patient_714,INS-67715,+380501183937,2026-05-16 14:12,Cancelled
Oleg Shevchenko,LIC-1003,Orthodontist,103,Patient_715,INS-79481,+380503964473,2026-05-22 14:12,Completed
Oleg Shevchenko,LIC-1003,Orthodontist,103,Patient_716,INS-73195,+380509421932,2026-04-30 14:12,Completed
Ivan Ivanov,LIC-1001,Surgeon,101,Patient_717,INS-68981,+380504997952,2026-05-21 14:12,Cancelled
Anna Petrenko,LIC-1002,Therapist,102,Patient_718,INS-31596,+380501011370,2026-04-03 14:12,Completed
Oleg Shevchenko,LIC-1003,Orthodontist,103,Patient_719,INS-40752,+380501738102,2026-04-02 14:12,Cancelled
Oleg Shevchenko,LIC-1003,Orthodontist,103,Patient_720,INS-58090,+380506421883,2026-05-24 14:12,Completed
Oleg Shevchenko,LIC-1003,Orthodontist,103,Patient_721,INS-55396,+380506056449,2026-05-15 14:12,Scheduled
Ivan Ivanov,LIC-1001,Surgeon,101,Patient_722,INS-59515,+380507529286,2026-05-02 14:12,Completed
Oleg Shevchenko,LIC-1003,Orthodontist,103,Patient_723,INS-81686,+380509332363,2026-04-02 14:12,Cancelled
Ivan Ivanov,LIC-1001,Surgeon,101,Patient_724,INS-69920,+380505344491,2026-05-09 14:12,Completed
Anna Petrenko,LIC-1002,Therapist,102,Patient_725,INS-86774,+380505363891,2026-04-05 14:12,Cancelled
Ivan Ivanov,LIC-1001,Surgeon,101,Patient_726,INS-77938,+380509444611,2026-03-28 14:12,Scheduled
Oleg Shevchenko,LIC-1003,Orthodontist,103,Patient_727,INS-25576,+380504084970,2026-04-17 14:12,Completed
Ivan Ivanov,LIC-1001,Surgeon,101,Patient_728,INS-46376,+380508905950,2026-05-26 14:12,Completed
Oleg Shevchenko,LIC-1003,Orthodontist,103,Patient_729,INS-48229,+380507529149,2026-03-31 14:12,Cancelled
Oleg Shevchenko,LIC-1003,Orthodontist,103,Patient_730,INS-68341,+380508080726,2026-04-27 14:12,Cancelled
Anna Petrenko,LIC-1002,Therapist,102,Patient_731,INS-67570,+380502206573,2026-05-21 14:12,Cancelled
Ivan Ivanov,LIC-1001,Surgeon,101,Patient_732,INS-64479,+380502687277,2026-05-16 14:12,Scheduled
Ivan Ivanov,LIC-1001,Surgeon,101,Patient_733,INS-40944,+380508228302,2026-04-29 14:12,Scheduled
Anna Petrenko,LIC-1002,Therapist,102,Patient_734,INS-68495,+380503733460,2026-05-05 14:12,Completed
Ivan Ivanov,LIC-1001,Surgeon,101,Patient_735,INS-96276,+380504207389,2026-04-28 14:12,Cancelled
Ivan Ivanov,LIC-1001,Surgeon,101,Patient_736,INS-26228,+380508271965,2026-04-22 14:12,Scheduled
Ivan Ivanov,LIC-1001,Surgeon,101,Patient_737,INS-62077,+380503548662,2026-05-15 14:12,Completed
Ivan Ivanov,LIC-1001,Surgeon,101,Patient_738,INS-47347,+380506736167,2026-05-19 14:12,Completed
Anna Petrenko,LIC-1002,Therapist,102,Patient_739,INS-50333,+380506393792,2026-05-10 14:12,Completed
Anna Petrenko,LIC-1002,Therapist,102,Patient_740,INS-18209,+380504129397,2026-05-26 14:12,Scheduled
Oleg Shevchenko,LIC-1003,Orthodontist,103,Patient_741,INS-91435,+380508182955,2026-05-20 14:12,Cancelled
Anna Petrenko,LIC-1002,Therapist,102,Patient_742,INS-80909,+380504552319,2026-04-20 14:12,Cancelled
Anna Petrenko,LIC-1002,Therapist,102,Patient_743,INS-75827,+380506059617,2026-04-09 14:12,Cancelled
Anna Petrenko,LIC-1002,Therapist,102,Patient_744,INS-54258,+380501654454,2026-05-17 14:12,Cancelled
Anna Petrenko,LIC-1002,Therapist,102,Patient_745,INS-89562,+380506506803,2026-05-22 14:12,Scheduled
Anna Petrenko,LIC-1002,Therapist,102,Patient_746,INS-17282,+380504146328,2026-04-11 14:12,Completed
Oleg Shevchenko,LIC-1003,Orthodontist,103,Patient_747,INS-11185,+380501511051,2026-05-26 14:12,Scheduled
Oleg Shevchenko,LIC-1003,Orthodontist,103,Patient_748,INS-58886,+380507794327,2026-05-10 14:12,Cancelled
Anna Petrenko,LIC-1002,Therapist,102,Patient_749,INS-22256,+380509048125,2026-05-21 14:12,Completed
Oleg Shevchenko,LIC-1003,Orthodontist,103,Patient_750,INS-30875,+380503456038,2026-05-15 14:12,Cancelled
Ivan Ivanov,LIC-1001,Surgeon,101,Patient_751,INS-16376,+380501183331,2026-04-25 14:12,Cancelled
Oleg Shevchenko,LIC-1003,Orthodontist,103,Patient_752,INS-37064,+380508588247,2026-05-06 14:12,Completed
Ivan Ivanov,LIC-1001,Surgeon,101,Patient_753,INS-72873,+380504426420,2026-04-17 14:12,Cancelled
Ivan Ivanov,LIC-1001,Surgeon,101,Patient_754,INS-61469,+380507246098,2026-03-30 14:12,Cancelled
Anna Petrenko,LIC-1002,Therapist,102,Patient_755,INS-52615,+380502276534,2026-05-24 14:12,Scheduled
Anna Petrenko,LIC-1002,Therapist,102,Patient_756,INS-51276,+380506760981,2026-04-22 14:12,Cancelled
Oleg Shevchenko,LIC-1003,Orthodontist,103,Patient_757,INS-92341,+380509532794,2026-05-04 14:12,Completed
Ivan Ivanov,LIC-1001,Surgeon,101,Patient_758,INS-53174,+380504221064,2026-04-07 14:12,Cancelled
Oleg Shevchenko,LIC-1003,Orthodontist,103,Patient_759,INS-75524,+380505028334,2026-04-11 14:12,Completed
Anna Petrenko,LIC-1002,Therapist,102,Patient_760,INS-46853,+380506845343,2026-05-06 14:12,Cancelled
Ivan Ivanov,LIC-1001,Surgeon,101,Patient_761,INS-12297,+380506268880,2026-04-12 14:12,Scheduled
Ivan Ivanov,LIC-1001,Surgeon,101,Patient_762,INS-19712,+380503107825,2026-04-05 14:12,Cancelled
Anna Petrenko,LIC-1002,Therapist,102,Patient_763,INS-19371,+380505983288,2026-05-09 14:12,Cancelled
Anna Petrenko,LIC-1002,Therapist,102,Patient_764,INS-69570,+380506185521,2026-04-29 14:12,Completed
Oleg Shevchenko,LIC-1003,Orthodontist,103,Patient_765,INS-56685,+380506814523,2026-04-18 14:12,Cancelled
Oleg Shevchenko,LIC-1003,Orthodontist,103,Patient_766,INS-92441,+380506099260,2026-04-13 14:12,Scheduled
Anna Petrenko,LIC-1002,Therapist,102,Patient_767,INS-47533,+380508714825,2026-04-27 14:12,Scheduled
Anna Petrenko,LIC-1002,Therapist,102,Patient_768,INS-63490,+380509660402,2026-05-20 14:12,Scheduled
Oleg Shevchenko,LIC-1003,Orthodontist,103,Patient_769,INS-68529,+380506907338,2026-05-08 14:12,Cancelled
Ivan Ivanov,LIC-1001,Surgeon,101,Patient_770,INS-21969,+380504113411,2026-04-16 14:12,Cancelled
Ivan Ivanov,LIC-1001,Surgeon,101,Patient_771,INS-24700,+380506070130,2026-05-04 14:12,Completed
Oleg Shevchenko,LIC-1003,Orthodontist,103,Patient_772,INS-42446,+380501620994,2026-05-03 14:12,Cancelled
Ivan Ivanov,LIC-1001,Surgeon,101,Patient_773,INS-59701,+380504318404,2026-04-03 14:12,Cancelled
Oleg Shevchenko,LIC-1003,Orthodontist,103,Patient_774,INS-47755,+380507964167,2026-04-03 14:12,Scheduled
Ivan Ivanov,LIC-1001,Surgeon,101,Patient_775,INS-24892,+380506776516,2026-04-27 14:12,Scheduled
Oleg Shevchenko,LIC-1003,Orthodontist,103,Patient_776,INS-48267,+380505693651,2026-04-25 14:12,Scheduled
Anna Petrenko,LIC-1002,Therapist,102,Patient_777,INS-65039,+380509717035,2026-04-27 14:12,Completed
Ivan Ivanov,LIC-1001,Surgeon,101,Patient_778,INS-95647,+380509946622,2026-05-16 14:12,Completed
Anna Petrenko,LIC-1002,Therapist,102,Patient_779,INS-28391,+380501135774,2026-04-22 14:12,Completed
Ivan Ivanov,LIC-1001,Surgeon,101,Patient_780,INS-73700,+380509494572,2026-04-05 14:12,Scheduled
Ivan Ivanov,LIC-1001,Surgeon,101,Patient_781,INS-92240,+380509487373,2026-03-30 14:12,Completed
Ivan Ivanov,LIC-1001,Surgeon,101,Patient_782,INS-89297,+380505539626,2026-05-08 14:12,Completed
Ivan Ivanov,LIC-1001,Surgeon,101,Patient_783,INS-95656,+380504608523,2026-04-21 14:12,Scheduled
Anna Petrenko,LIC-1002,Therapist,102,Patient_784,INS-12852,+380505832888,2026-04-29 14:12,Cancelled
Oleg Shevchenko,LIC-1003,Orthodontist,103,Patient_785,INS-32285,+380502732931,2026-05-15 14:12,Scheduled
Anna Petrenko,LIC-1002,Therapist,102,Patient_786,INS-89121,+380506393296,2026-04-01 14:12,Completed
Anna Petrenko,LIC-1002,Therapist,102,Patient_787,INS-16084,+380504845741,2026-05-09 14:12,Cancelled
Oleg Shevchenko,LIC-1003,Orthodontist,103,Patient_788,INS-63990,+380509834914,2026-04-21 14:12,Cancelled
Ivan Ivanov,LIC-1001,Surgeon,101,Patient_789,INS-59542,+380503306736,2026-04-14 14:12,Completed
Anna Petrenko,LIC-1002,Therapist,102,Patient_790,INS-26845,+380501880190,2026-05-01 14:12,Completed
Oleg Shevchenko,LIC-1003,Orthodontist,103,Patient_791,INS-77411,+380509216868,2026-04-26 14:12,Completed
Anna Petrenko,LIC-1002,Therapist,102,Patient_792,INS-28230,+380506588931,2026-04-04 14:12,Scheduled
Oleg Shevchenko,LIC-1003,Orthodontist,103,Patient_793,INS-84082,+380505507823,2026-05-25 14:12,Completed
Oleg Shevchenko,LIC-1003,Orthodontist,103,Patient_794,INS-22911,+380502787179,2026-04-24 14:12,Cancelled
Anna Petrenko,LIC-1002,Therapist,102,Patient_795,INS-83916,+380501521172,2026-04-27 14:12,Cancelled
Ivan Ivanov,LIC-1001,Surgeon,101,Patient_796,INS-30212,+380505992101,2026-05-11 14:12,Completed
Oleg Shevchenko,LIC-1003,Orthodontist,103,Patient_797,INS-72213,+380505884027,2026-04-11 14:12,Completed
Oleg Shevchenko,LIC-1003,Orthodontist,103,Patient_798,INS-73941,+380504727752,2026-04-30 14:12,Scheduled
Oleg Shevchenko,LIC-1003,Orthodontist,103,Patient_799,INS-79563,+380507562919,2026-04-15 14:12,Completed
Anna Petrenko,LIC-1002,Therapist,102,Patient_800,INS-64439,+380506971189,2026-04-11 14:12,Completed
Anna Petrenko,LIC-1002,Therapist,102,Patient_801,INS-15503,+380507210657,2026-05-16 14:12,Completed
Ivan Ivanov,LIC-1001,Surgeon,101,Patient_802,INS-27636,+380505887551,2026-04-04 14:12,Completed
Oleg Shevchenko,LIC-1003,Orthodontist,103,Patient_803,INS-90555,+380509675155,2026-04-06 14:12,Scheduled
Anna Petrenko,LIC-1002,Therapist,102,Patient_804,INS-58491,+380504247120,2026-05-19 14:12,Completed
Ivan Ivanov,LIC-1001,Surgeon,101,Patient_805,INS-20968,+380505989552,2026-04-05 14:12,Completed
Anna Petrenko,LIC-1002,Therapist,102,Patient_806,INS-22747,+380504277465,2026-05-24 14:12,Scheduled
Anna Petrenko,LIC-1002,Therapist,102,Patient_807,INS-93065,+380504651484,2026-05-07 14:12,Scheduled
Ivan Ivanov,LIC-1001,Surgeon,101,Patient_808,INS-62356,+380507953578,2026-05-18 14:12,Scheduled
Anna Petrenko,LIC-1002,Therapist,102,Patient_809,INS-91534,+380507461607,2026-04-25 14:12,Scheduled
Oleg Shevchenko,LIC-1003,Orthodontist,103,Patient_810,INS-45567,+380507818587,2026-04-30 14:12,Scheduled
Anna Petrenko,LIC-1002,Therapist,102,Patient_811,INS-14830,+380505807848,2026-05-17 14:12,Scheduled
Ivan Ivanov,LIC-1001,Surgeon,101,Patient_812,INS-30460,+380504448046,2026-04-18 14:12,Completed
Ivan Ivanov,LIC-1001,Surgeon,101,Patient_813,INS-56596,+380502484911,2026-05-18 14:12,Completed
Anna Petrenko,LIC-1002,Therapist,102,Patient_814,INS-76543,+380504910024,2026-04-04 14:12,Scheduled
Anna Petrenko,LIC-1002,Therapist,102,Patient_815,INS-65087,+380502997204,2026-04-08 14:12,Scheduled
Anna Petrenko,LIC-1002,Therapist,102,Patient_816,INS-59520,+380503134530,2026-04-08 14:12,Completed
Oleg Shevchenko,LIC-1003,Orthodontist,103,Patient_817,INS-14470,+380507470416,2026-04-26 14:12,Completed
Ivan Ivanov,LIC-1001,Surgeon,101,Patient_818,INS-45576,+380505840319,2026-04-12 14:12,Completed
Oleg Shevchenko,LIC-1003,Orthodontist,103,Patient_819,INS-84889,+380504737327,2026-04-19 14:12,Cancelled
Oleg Shevchenko,LIC-1003,Orthodontist,103,Patient_820,INS-10039,+380501732557,2026-04-26 14:12,Cancelled
Ivan Ivanov,LIC-1001,Surgeon,101,Patient_821,INS-22145,+380506018444,2026-05-17 14:12,Cancelled
Ivan Ivanov,LIC-1001,Surgeon,101,Patient_822,INS-25982,+380508462905,2026-04-21 14:12,Cancelled
Oleg Shevchenko,LIC-1003,Orthodontist,103,Patient_823,INS-70040,+380509217401,2026-04-07 14:12,Cancelled
Ivan Ivanov,LIC-1001,Surgeon,101,Patient_824,INS-36602,+380501759752,2026-04-01 14:12,Cancelled
Anna Petrenko,LIC-1002,Therapist,102,Patient_825,INS-32650,+380509020583,2026-05-18 14:12,Cancelled
Oleg Shevchenko,LIC-1003,Orthodontist,103,Patient_826,INS-12580,+380504912920,2026-04-14 14:12,Scheduled
Ivan Ivanov,LIC-1001,Surgeon,101,Patient_827,INS-37459,+380507102277,2026-05-14 14:12,Completed
Oleg Shevchenko,LIC-1003,Orthodontist,103,Patient_828,INS-34931,+380509873238,2026-04-23 14:12,Cancelled
Oleg Shevchenko,LIC-1003,Orthodontist,103,Patient_829,INS-11783,+380509760055,2026-03-31 14:12,Cancelled
Anna Petrenko,LIC-1002,Therapist,102,Patient_830,INS-35051,+380503476031,2026-05-16 14:12,Cancelled
Anna Petrenko,LIC-1002,Therapist,102,Patient_831,INS-69827,+380501818673,2026-05-21 14:12,Cancelled
Oleg Shevchenko,LIC-1003,Orthodontist,103,Patient_832,INS-64333,+380506556967,2026-04-20 14:12,Completed
Oleg Shevchenko,LIC-1003,Orthodontist,103,Patient_833,INS-90438,+380508984549,2026-05-01 14:12,Completed
Anna Petrenko,LIC-1002,Therapist,102,Patient_834,INS-51626,+380507535407,2026-05-13 14:12,Cancelled
Oleg Shevchenko,LIC-1003,Orthodontist,103,Patient_835,INS-24237,+380509218035,2026-04-07 14:12,Cancelled
Anna Petrenko,LIC-1002,Therapist,102,Patient_836,INS-38052,+380508791974,2026-04-14 14:12,Scheduled
Oleg Shevchenko,LIC-1003,Orthodontist,103,Patient_837,INS-66161,+380505556514,2026-04-04 14:12,Scheduled
Oleg Shevchenko,LIC-1003,Orthodontist,103,Patient_838,INS-96587,+380506609853,2026-04-26 14:12,Scheduled
Ivan Ivanov,LIC-1001,Surgeon,101,Patient_839,INS-57344,+380507819952,2026-04-17 14:12,Completed
Ivan Ivanov,LIC-1001,Surgeon,101,Patient_840,INS-84376,+380504091650,2026-04-13 14:12,Cancelled
Ivan Ivanov,LIC-1001,Surgeon,101,Patient_841,INS-62037,+380501472943,2026-05-01 14:12,Cancelled
Anna Petrenko,LIC-1002,Therapist,102,Patient_842,INS-23534,+380509290237,2026-04-27 14:12,Cancelled
Oleg Shevchenko,LIC-1003,Orthodontist,103,Patient_843,INS-84726,+380507720692,2026-05-26 14:12,Completed
Oleg Shevchenko,LIC-1003,Orthodontist,103,Patient_844,INS-62239,+380501912356,2026-05-20 14:12,Completed
Oleg Shevchenko,LIC-1003,Orthodontist,103,Patient_845,INS-90594,+380504986163,2026-04-13 14:12,Cancelled
Oleg Shevchenko,LIC-1003,Orthodontist,103,Patient_846,INS-63401,+380501234304,2026-05-16 14:12,Cancelled
Ivan Ivanov,LIC-1001,Surgeon,101,Patient_847,INS-96412,+380501036750,2026-05-01 14:12,Completed
Anna Petrenko,LIC-1002,Therapist,102,Patient_848,INS-50972,+380504631156,2026-05-02 14:12,Cancelled
Ivan Ivanov,LIC-1001,Surgeon,101,Patient_849,INS-91488,+380508754804,2026-05-20 14:12,Scheduled
Ivan Ivanov,LIC-1001,Surgeon,101,Patient_850,INS-96226,+380505951515,2026-04-04 14:12,Scheduled
Anna Petrenko,LIC-1002,Therapist,102,Patient_851,INS-84664,+380506579719,2026-04-09 14:12,Completed
Oleg Shevchenko,LIC-1003,Orthodontist,103,Patient_852,INS-42537,+380508874311,2026-04-07 14:12,Completed
Anna Petrenko,LIC-1002,Therapist,102,Patient_853,INS-99156,+380502393354,2026-04-28 14:12,Completed
Oleg Shevchenko,LIC-1003,Orthodontist,103,Patient_854,INS-85091,+380504170175,2026-05-13 14:12,Cancelled
Ivan Ivanov,LIC-1001,Surgeon,101,Patient_855,INS-80235,+380504701732,2026-04-26 14:12,Scheduled
Oleg Shevchenko,LIC-1003,Orthodontist,103,Patient_856,INS-84486,+380509435087,2026-05-11 14:12,Completed
Oleg Shevchenko,LIC-1003,Orthodontist,103,Patient_857,INS-19963,+380509654402,2026-04-20 14:12,Completed
Anna Petrenko,LIC-1002,Therapist,102,Patient_858,INS-84088,+380504742439,2026-04-26 14:12,Completed
Oleg Shevchenko,LIC-1003,Orthodontist,103,Patient_859,INS-65423,+380505147348,2026-04-18 14:12,Completed
Anna Petrenko,LIC-1002,Therapist,102,Patient_860,INS-56575,+380509241706,2026-04-04 14:12,Completed
Ivan Ivanov,LIC-1001,Surgeon,101,Patient_861,INS-37592,+380502832111,2026-03-28 14:12,Cancelled
Anna Petrenko,LIC-1002,Therapist,102,Patient_862,INS-89449,+380509076251,2026-05-20 14:12,Cancelled
Ivan Ivanov,LIC-1001,Surgeon,101,Patient_863,INS-30087,+380504892891,2026-04-04 14:12,Scheduled
Oleg Shevchenko,LIC-1003,Orthodontist,103,Patient_864,INS-30074,+380507946276,2026-04-09 14:12,Completed
Anna Petrenko,LIC-1002,Therapist,102,Patient_865,INS-70899,+380506732122,2026-05-17 14:12,Completed
Ivan Ivanov,LIC-1001,Surgeon,101,Patient_866,INS-34214,+380507315015,2026-04-06 14:12,Scheduled
Oleg Shevchenko,LIC-1003,Orthodontist,103,Patient_867,INS-74034,+380506896397,2026-05-03 14:12,Completed
Anna Petrenko,LIC-1002,Therapist,102,Patient_868,INS-71117,+380503061492,2026-05-11 14:12,Cancelled
Ivan Ivanov,LIC-1001,Surgeon,101,Patient_869,INS-38577,+380502195665,2026-03-28 14:12,Scheduled
Oleg Shevchenko,LIC-1003,Orthodontist,103,Patient_870,INS-16594,+380506534805,2026-05-19 14:12,Completed
Oleg Shevchenko,LIC-1003,Orthodontist,103,Patient_871,INS-63887,+380507985428,2026-04-29 14:12,Completed
Ivan Ivanov,LIC-1001,Surgeon,101,Patient_872,INS-35984,+380502892737,2026-05-01 14:12,Scheduled
Oleg Shevchenko,LIC-1003,Orthodontist,103,Patient_873,INS-85609,+380508058008,2026-04-14 14:12,Completed
Anna Petrenko,LIC-1002,Therapist,102,Patient_874,INS-64541,+380506371195,2026-03-30 14:12,Scheduled
Oleg Shevchenko,LIC-1003,Orthodontist,103,Patient_875,INS-31108,+380505599899,2026-05-16 14:12,Scheduled
Anna Petrenko,LIC-1002,Therapist,102,Patient_876,INS-94343,+380508040922,2026-04-15 14:12,Cancelled
Anna Petrenko,LIC-1002,Therapist,102,Patient_877,INS-53653,+380502113426,2026-05-16 14:12,Completed
Ivan Ivanov,LIC-1001,Surgeon,101,Patient_878,INS-84852,+380509584400,2026-04-06 14:12,Scheduled
Ivan Ivanov,LIC-1001,Surgeon,101,Patient_879,INS-13573,+380501757125,2026-04-11 14:12,Completed
Anna Petrenko,LIC-1002,Therapist,102,Patient_880,INS-79536,+380508440166,2026-05-06 14:12,Scheduled
Oleg Shevchenko,LIC-1003,Orthodontist,103,Patient_881,INS-16637,+380502058315,2026-05-03 14:12,Cancelled
Ivan Ivanov,LIC-1001,Surgeon,101,Patient_882,INS-74893,+380508389448,2026-04-06 14:12,Scheduled
Anna Petrenko,LIC-1002,Therapist,102,Patient_883,INS-33693,+380509752243,2026-04-21 14:12,Completed
Oleg Shevchenko,LIC-1003,Orthodontist,103,Patient_884,INS-35563,+380502272614,2026-05-26 14:12,Completed
Ivan Ivanov,LIC-1001,Surgeon,101,Patient_885,INS-41523,+380505829889,2026-05-11 14:12,Cancelled
Anna Petrenko,LIC-1002,Therapist,102,Patient_886,INS-73175,+380507131832,2026-05-13 14:12,Completed
Oleg Shevchenko,LIC-1003,Orthodontist,103,Patient_887,INS-82538,+380504601287,2026-04-27 14:12,Scheduled
Anna Petrenko,LIC-1002,Therapist,102,Patient_888,INS-45680,+380503284246,2026-05-18 14:12,Completed
Oleg Shevchenko,LIC-1003,Orthodontist,103,Patient_889,INS-54265,+380505222011,2026-04-30 14:12,Scheduled
Oleg Shevchenko,LIC-1003,Orthodontist,103,Patient_890,INS-91449,+380505784024,2026-04-06 14:12,Scheduled
Oleg Shevchenko,LIC-1003,Orthodontist,103,Patient_891,INS-37952,+380506051562,2026-05-14 14:12,Completed
Ivan Ivanov,LIC-1001,Surgeon,101,Patient_892,INS-31259,+380504356223,2026-05-03 14:12,Completed
Oleg Shevchenko,LIC-1003,Orthodontist,103,Patient_893,INS-85219,+380501897282,2026-04-08 14:12,Scheduled
Ivan Ivanov,LIC-1001,Surgeon,101,Patient_894,INS-61385,+380505805513,2026-05-01 14:12,Completed
Anna Petrenko,LIC-1002,Therapist,102,Patient_895,INS-83907,+380506589062,2026-04-30 14:12,Cancelled
Ivan Ivanov,LIC-1001,Surgeon,101,Patient_896,INS-32531,+380502681817,2026-04-06 14:12,Completed
Anna Petrenko,LIC-1002,Therapist,102,Patient_897,INS-99140,+380504824068,2026-05-10 14:12,Cancelled
Oleg Shevchenko,LIC-1003,Orthodontist,103,Patient_898,INS-65251,+380509244834,2026-03-30 14:12,Scheduled
Oleg Shevchenko,LIC-1003,Orthodontist,103,Patient_899,INS-57186,+380506175124,2026-04-09 14:12,Scheduled
Anna Petrenko,LIC-1002,Therapist,102,Patient_900,INS-91388,+380503159576,2026-05-11 14:12,Completed
Anna Petrenko,LIC-1002,Therapist,102,Patient_901,INS-13064,+380502595345,2026-04-24 14:12,Completed
Ivan Ivanov,LIC-1001,Surgeon,101,Patient_902,INS-32807,+380506963430,2026-04-27 14:12,Completed
Anna Petrenko,LIC-1002,Therapist,102,Patient_903,INS-17292,+380503619052,2026-05-22 14:12,Completed
Anna Petrenko,LIC-1002,Therapist,102,Patient_904,INS-47773,+380502328130,2026-05-04 14:12,Scheduled
Ivan Ivanov,LIC-1001,Surgeon,101,Patient_905,INS-69136,+380505630308,2026-04-17 14:12,Cancelled
Anna Petrenko,LIC-1002,Therapist,102,Patient_906,INS-50518,+380507947884,2026-05-24 14:12,Cancelled
Oleg Shevchenko,LIC-1003,Orthodontist,103,Patient_907,INS-46603,+380508707912,2026-03-30 14:12,Cancelled
Oleg Shevchenko,LIC-1003,Orthodontist,103,Patient_908,INS-74574,+380508028166,2026-03-31 14:12,Scheduled
Oleg Shevchenko,LIC-1003,Orthodontist,103,Patient_909,INS-87567,+380508294742,2026-04-23 14:12,Cancelled
Anna Petrenko,LIC-1002,Therapist,102,Patient_910,INS-26309,+380504862370,2026-04-06 14:12,Completed
Oleg Shevchenko,LIC-1003,Orthodontist,103,Patient_911,INS-98703,+380502602888,2026-04-22 14:12,Scheduled
Anna Petrenko,LIC-1002,Therapist,102,Patient_912,INS-75387,+380506894607,2026-05-20 14:12,Completed
Anna Petrenko,LIC-1002,Therapist,102,Patient_913,INS-49433,+380506195499,2026-05-02 14:12,Cancelled
Ivan Ivanov,LIC-1001,Surgeon,101,Patient_914,INS-23662,+380501522560,2026-05-11 14:12,Scheduled
Oleg Shevchenko,LIC-1003,Orthodontist,103,Patient_915,INS-65304,+380503830143,2026-04-28 14:12,Cancelled
Anna Petrenko,LIC-1002,Therapist,102,Patient_916,INS-40222,+380509046855,2026-05-08 14:12,Completed
Oleg Shevchenko,LIC-1003,Orthodontist,103,Patient_917,INS-36358,+380504380567,2026-04-03 14:12,Completed
Anna Petrenko,LIC-1002,Therapist,102,Patient_918,INS-63313,+380502373047,2026-04-21 14:12,Cancelled
Ivan Ivanov,LIC-1001,Surgeon,101,Patient_919,INS-32942,+380501390938,2026-04-25 14:12,Cancelled
Ivan Ivanov,LIC-1001,Surgeon,101,Patient_920,INS-20069,+380508343038,2026-05-17 14:12,Completed
Ivan Ivanov,LIC-1001,Surgeon,101,Patient_921,INS-76893,+380501652489,2026-05-05 14:12,Scheduled
Oleg Shevchenko,LIC-1003,Orthodontist,103,Patient_922,INS-75116,+380509869824,2026-04-13 14:12,Cancelled
Anna Petrenko,LIC-1002,Therapist,102,Patient_923,INS-87569,+380504799463,2026-05-26 14:12,Cancelled
Ivan Ivanov,LIC-1001,Surgeon,101,Patient_924,INS-58281,+380506283542,2026-04-19 14:12,Completed
Oleg Shevchenko,LIC-1003,Orthodontist,103,Patient_925,INS-52781,+380507962833,2026-05-12 14:12,Completed
Anna Petrenko,LIC-1002,Therapist,102,Patient_926,INS-15856,+380503341743,2026-05-10 14:12,Completed
Anna Petrenko,LIC-1002,Therapist,102,Patient_927,INS-38027,+380503924847,2026-05-05 14:12,Completed
Ivan Ivanov,LIC-1001,Surgeon,101,Patient_928,INS-16825,+380508241552,2026-05-10 14:12,Cancelled
Ivan Ivanov,LIC-1001,Surgeon,101,Patient_929,INS-71209,+380507235548,2026-03-29 14:12,Scheduled
Oleg Shevchenko,LIC-1003,Orthodontist,103,Patient_930,INS-92966,+380505689781,2026-03-30 14:12,Completed
Oleg Shevchenko,LIC-1003,Orthodontist,103,Patient_931,INS-36519,+380501930628,2026-04-23 14:12,Scheduled
Anna Petrenko,LIC-1002,Therapist,102,Patient_932,INS-69752,+380508623116,2026-04-24 14:12,Completed
Anna Petrenko,LIC-1002,Therapist,102,Patient_933,INS-35814,+380509632900,2026-05-08 14:12,Cancelled
Ivan Ivanov,LIC-1001,Surgeon,101,Patient_934,INS-82591,+380503381908,2026-05-09 14:12,Completed
Ivan Ivanov,LIC-1001,Surgeon,101,Patient_935,INS-73838,+380509090849,2026-04-07 14:12,Scheduled
Oleg Shevchenko,LIC-1003,Orthodontist,103,Patient_936,INS-26841,+380507869578,2026-04-13 14:12,Scheduled
Anna Petrenko,LIC-1002,Therapist,102,Patient_937,INS-86472,+380501330361,2026-04-04 14:12,Completed
Oleg Shevchenko,LIC-1003,Orthodontist,103,Patient_938,INS-15951,+380504380698,2026-04-11 14:12,Scheduled
Ivan Ivanov,LIC-1001,Surgeon,101,Patient_939,INS-35108,+380502935653,2026-05-04 14:12,Completed
Oleg Shevchenko,LIC-1003,Orthodontist,103,Patient_940,INS-98628,+380504751898,2026-05-19 14:12,Completed
Anna Petrenko,LIC-1002,Therapist,102,Patient_941,INS-46738,+380506068704,2026-05-18 14:12,Completed
Ivan Ivanov,LIC-1001,Surgeon,101,Patient_942,INS-28594,+380506986955,2026-03-31 14:12,Cancelled
Ivan Ivanov,LIC-1001,Surgeon,101,Patient_943,INS-43989,+380501990816,2026-05-12 14:12,Completed
Anna Petrenko,LIC-1002,Therapist,102,Patient_944,INS-51756,+380505776241,2026-05-26 14:12,Scheduled
Ivan Ivanov,LIC-1001,Surgeon,101,Patient_945,INS-46817,+380504821640,2026-04-23 14:12,Cancelled
Anna Petrenko,LIC-1002,Therapist,102,Patient_946,INS-97131,+380508728214,2026-04-05 14:12,Cancelled
Anna Petrenko,LIC-1002,Therapist,102,Patient_947,INS-84186,+380506279393,2026-05-05 14:12,Cancelled
Oleg Shevchenko,LIC-1003,Orthodontist,103,Patient_948,INS-20155,+380503935945,2026-04-30 14:12,Scheduled
Anna Petrenko,LIC-1002,Therapist,102,Patient_949,INS-72121,+380501847154,2026-03-29 14:12,Completed
Anna Petrenko,LIC-1002,Therapist,102,Patient_950,INS-92681,+380502653809,2026-05-12 14:12,Completed
Anna Petrenko,LIC-1002,Therapist,102,Patient_951,INS-39783,+380501553214,2026-03-29 14:12,Cancelled
Oleg Shevchenko,LIC-1003,Orthodontist,103,Patient_952,INS-31122,+380507758083,2026-04-30 14:12,Scheduled
Oleg Shevchenko,LIC-1003,Orthodontist,103,Patient_953,INS-21873,+380501665237,2026-05-01 14:12,Scheduled
Oleg Shevchenko,LIC-1003,Orthodontist,103,Patient_954,INS-41336,+380505354888,2026-05-13 14:12,Cancelled
Anna Petrenko,LIC-1002,Therapist,102,Patient_955,INS-10752,+380506535953,2026-05-04 14:12,Completed
Oleg Shevchenko,LIC-1003,Orthodontist,103,Patient_956,INS-71520,+380502012812,2026-04-24 14:12,Cancelled
Oleg Shevchenko,LIC-1003,Orthodontist,103,Patient_957,INS-10979,+380503880816,2026-04-20 14:12,Completed
Oleg Shevchenko,LIC-1003,Orthodontist,103,Patient_958,INS-91240,+380506361961,2026-05-14 14:12,Completed
Ivan Ivanov,LIC-1001,Surgeon,101,Patient_959,INS-21904,+380507296711,2026-03-31 14:12,Cancelled
Ivan Ivanov,LIC-1001,Surgeon,101,Patient_960,INS-48180,+380507139564,2026-04-10 14:12,Scheduled
Ivan Ivanov,LIC-1001,Surgeon,101,Patient_961,INS-53364,+380501207554,2026-04-27 14:12,Cancelled
Oleg Shevchenko,LIC-1003,Orthodontist,103,Patient_962,INS-62016,+380507841764,2026-04-02 14:12,Completed
Oleg Shevchenko,LIC-1003,Orthodontist,103,Patient_963,INS-21958,+380501407006,2026-05-16 14:12,Completed
Ivan Ivanov,LIC-1001,Surgeon,101,Patient_964,INS-82304,+380508660126,2026-05-21 14:12,Scheduled
Anna Petrenko,LIC-1002,Therapist,102,Patient_965,INS-47401,+380501399813,2026-04-24 14:12,Scheduled
Oleg Shevchenko,LIC-1003,Orthodontist,103,Patient_966,INS-20919,+380502942398,2026-05-05 14:12,Cancelled
Anna Petrenko,LIC-1002,Therapist,102,Patient_967,INS-74514,+380505662268,2026-04-04 14:12,Scheduled
Ivan Ivanov,LIC-1001,Surgeon,101,Patient_968,INS-81301,+380503590442,2026-05-09 14:12,Cancelled
Anna Petrenko,LIC-1002,Therapist,102,Patient_969,INS-94377,+380504177102,2026-05-23 14:12,Cancelled
Oleg Shevchenko,LIC-1003,Orthodontist,103,Patient_970,INS-35933,+380504833444,2026-04-15 14:12,Scheduled
Ivan Ivanov,LIC-1001,Surgeon,101,Patient_971,INS-97694,+380505685005,2026-04-15 14:12,Cancelled
Ivan Ivanov,LIC-1001,Surgeon,101,Patient_972,INS-54149,+380501159876,2026-04-27 14:12,Scheduled
Ivan Ivanov,LIC-1001,Surgeon,101,Patient_973,INS-36273,+380507980410,2026-04-17 14:12,Scheduled
Anna Petrenko,LIC-1002,Therapist,102,Patient_974,INS-54268,+380508260630,2026-04-14 14:12,Cancelled
Oleg Shevchenko,LIC-1003,Orthodontist,103,Patient_975,INS-96963,+380504959603,2026-05-22 14:12,Completed
Anna Petrenko,LIC-1002,Therapist,102,Patient_976,INS-11550,+380506334477,2026-05-07 14:12,Scheduled
Anna Petrenko,LIC-1002,Therapist,102,Patient_977,INS-77018,+380503157302,2026-05-12 14:12,Cancelled
Anna Petrenko,LIC-1002,Therapist,102,Patient_978,INS-42442,+380504702590,2026-04-22 14:12,Scheduled
Oleg Shevchenko,LIC-1003,Orthodontist,103,Patient_979,INS-56383,+380501640337,2026-05-05 14:12,Scheduled
Oleg Shevchenko,LIC-1003,Orthodontist,103,Patient_980,INS-89972,+380501166806,2026-04-23 14:12,Completed
Oleg Shevchenko,LIC-1003,Orthodontist,103,Patient_981,INS-65759,+380507882962,2026-04-09 14:12,Scheduled
Ivan Ivanov,LIC-1001,Surgeon,101,Patient_982,INS-73688,+380509265716,2026-05-18 14:12,Completed
Anna Petrenko,LIC-1002,Therapist,102,Patient_983,INS-40637,+380503792733,2026-04-22 14:12,Completed
Oleg Shevchenko,LIC-1003,Orthodontist,103,Patient_984,INS-99433,+380505719817,2026-04-08 14:12,Cancelled
Ivan Ivanov,LIC-1001,Surgeon,101,Patient_985,INS-96849,+380502774641,2026-03-28 14:12,Scheduled
Anna Petrenko,LIC-1002,Therapist,102,Patient_986,INS-24071,+380502749508,2026-05-05 14:12,Scheduled
Oleg Shevchenko,LIC-1003,Orthodontist,103,Patient_987,INS-45737,+380508863108,2026-04-05 14:12,Cancelled
Oleg Shevchenko,LIC-1003,Orthodontist,103,Patient_988,INS-80732,+380503752651,2026-04-06 14:12,Cancelled
Ivan Ivanov,LIC-1001,Surgeon,101,Patient_989,INS-11696,+380506993544,2026-05-19 14:12,Scheduled
Anna Petrenko,LIC-1002,Therapist,102,Patient_990,INS-90712,+380508466636,2026-04-19 14:12,Cancelled
Anna Petrenko,LIC-1002,Therapist,102,Patient_991,INS-56881,+380501759794,2026-05-24 14:12,Scheduled
Anna Petrenko,LIC-1002,Therapist,102,Patient_992,INS-35912,+380509969846,2026-05-10 14:12,Completed
Ivan Ivanov,LIC-1001,Surgeon,101,Patient_993,INS-73960,+380504307584,2026-03-30 14:12,Scheduled
Anna Petrenko,LIC-1002,Therapist,102,Patient_994,INS-48044,+380507488714,2026-04-11 14:12,Completed
Ivan Ivanov,LIC-1001,Surgeon,101,Patient_995,INS-85197,+380508456553,2026-04-28 14:12,Completed
Ivan Ivanov,LIC-1001,Surgeon,101,Patient_996,INS-53946,+380509406808,2026-04-04 14:12,Scheduled
Anna Petrenko,LIC-1002,Therapist,102,Patient_997,INS-66500,+380506079120,2026-03-30 14:12,Completed
Ivan Ivanov,LIC-1001,Surgeon,101,Patient_998,INS-18174,+380504039033,2026-05-22 14:12,Completed
Oleg Shevchenko,LIC-1003,Orthodontist,103,Patient_999,INS-64450,+380508259884,2026-05-05 14:12,Scheduled
Ivan Ivanov,LIC-1001,Surgeon,101,Patient_1000,INS-40668,+380509985512,2026-04-07 14:12,Scheduled
Ivan Ivanov,LIC-1001,Surgeon,101,Patient_1001,INS-81772,+380503044604,2026-05-21 14:12,Cancelled
Anna Petrenko,LIC-1002,Therapist,102,Patient_1002,INS-66354,+380508476563,2026-05-08 14:12,Completed
Anna Petrenko,LIC-1002,Therapist,102,Patient_1003,INS-14334,+380509317847,2026-04-27 14:12,Completed
Ivan Ivanov,LIC-1001,Surgeon,101,Patient_1004,INS-13003,+380501120860,2026-05-04 14:12,Completed
